[2025-11-04 12:16:10,367]  DEBUG - dServer.agent.lock.LockManager - Lock file: /home/kleymkovt/electronic_library/buildAgent/logs/buildAgent.properties.lock 
[2025-11-04 12:16:10,369]  DEBUG - dServer.agent.lock.LockManager - Using no lock 
[2025-11-04 12:16:10,370]   INFO - r.agent.upgrade.UpgradeRunBase - ===================================================== 
[2025-11-04 12:16:10,370]   INFO - r.agent.upgrade.UpgradeRunBase - Start agent upgrade. 
[2025-11-04 12:16:10,370]   INFO - r.agent.upgrade.UpgradeRunBase - Agent home folder: /home/kleymkovt/electronic_library/buildAgent 
[2025-11-04 12:16:10,370]   INFO - r.agent.upgrade.UpgradeRunBase - Run command line (arguments separated with '|'): /bin/sh|./agent.sh|stop|kill| (at /home/kleymkovt/electronic_library/buildAgent/bin) 
[2025-11-04 12:16:10,380]   INFO - .agent.run.ProcessOutputLogger - Stopping TeamCity build agent... 
[2025-11-04 12:16:10,414]   INFO - .agent.run.ProcessOutputLogger - Stopping buildAgent [15205] 
[2025-11-04 12:16:11,475]   INFO - .agent.run.ProcessOutputLogger - Stopped 
[2025-11-04 12:16:11,476]   INFO - r.agent.upgrade.UpgradeRunBase - Process exited with code: 0 
[2025-11-04 12:16:11,476]   WARN - .agent.run.ProcessOutputLogger - rm: cannot remove '../logs/buildAgent.pid': No such file or directory 
[2025-11-04 12:16:11,484]   INFO - er.agent.upgrade.UpdateChecker - Update files check succeeded 
[2025-11-04 12:16:11,487]   INFO - ver.agent.upgrade.AgentUpgrade - Start upgrade at 2025-11-04 12:16:11.485 
[2025-11-04 12:16:11,490]  DEBUG - buildServer.agent.LauncherUtil - Deleting /home/kleymkovt/electronic_library/buildAgent/conf/teamcity-upgrade-error.log 
[2025-11-04 12:16:11,490]   INFO - ver.agent.upgrade.AgentUpgrade - ===> Backup current agent 
[2025-11-04 12:16:11,490]  DEBUG - er.agent.upgrade.UpgradeFolder - UpgradeFolder: AgentRootFilesFolder [.] --> backup 
[2025-11-04 12:16:11,490]  DEBUG - buildServer.agent.LauncherUtil - Deleting /home/kleymkovt/electronic_library/buildAgent/system/.teamcity-agent/teamcity-agent.xml 
[2025-11-04 12:16:11,490]  DEBUG - buildServer.agent.LauncherUtil - Copy from /home/kleymkovt/electronic_library/buildAgent to /home/kleymkovt/electronic_library/buildAgent/backup 
[2025-11-04 12:16:11,491]  DEBUG - buildServer.agent.LauncherUtil - Copy from /home/kleymkovt/electronic_library/buildAgent/tools to /home/kleymkovt/electronic_library/buildAgent/backup/tools 
[2025-11-04 12:16:11,491]  DEBUG - buildServer.agent.LauncherUtil - Skipped copy from /home/kleymkovt/electronic_library/buildAgent/tools to /home/kleymkovt/electronic_library/buildAgent/backup/tools 
[2025-11-04 12:16:11,491]  DEBUG - buildServer.agent.LauncherUtil - Copy from /home/kleymkovt/electronic_library/buildAgent/system to /home/kleymkovt/electronic_library/buildAgent/backup/system 
[2025-11-04 12:16:11,491]  DEBUG - buildServer.agent.LauncherUtil - Skipped copy from /home/kleymkovt/electronic_library/buildAgent/system to /home/kleymkovt/electronic_library/buildAgent/backup/system 
[2025-11-04 12:16:11,491]  DEBUG - buildServer.agent.LauncherUtil - Copy from /home/kleymkovt/electronic_library/buildAgent/lib to /home/kleymkovt/electronic_library/buildAgent/backup/lib 
[2025-11-04 12:16:11,491]  DEBUG - buildServer.agent.LauncherUtil - Skipped copy from /home/kleymkovt/electronic_library/buildAgent/lib to /home/kleymkovt/electronic_library/buildAgent/backup/lib 
[2025-11-04 12:16:11,491]  DEBUG - buildServer.agent.LauncherUtil - Copy from /home/kleymkovt/electronic_library/buildAgent/logs to /home/kleymkovt/electronic_library/buildAgent/backup/logs 
[2025-11-04 12:16:11,491]  DEBUG - buildServer.agent.LauncherUtil - Skipped copy from /home/kleymkovt/electronic_library/buildAgent/logs to /home/kleymkovt/electronic_library/buildAgent/backup/logs 
[2025-11-04 12:16:11,491]  DEBUG - buildServer.agent.LauncherUtil - Copy from /home/kleymkovt/electronic_library/buildAgent/conf to /home/kleymkovt/electronic_library/buildAgent/backup/conf 
[2025-11-04 12:16:11,491]  DEBUG - buildServer.agent.LauncherUtil - Skipped copy from /home/kleymkovt/electronic_library/buildAgent/conf to /home/kleymkovt/electronic_library/buildAgent/backup/conf 
[2025-11-04 12:16:11,491]  DEBUG - buildServer.agent.LauncherUtil - Copy from /home/kleymkovt/electronic_library/buildAgent/bin to /home/kleymkovt/electronic_library/buildAgent/backup/bin 
[2025-11-04 12:16:11,491]  DEBUG - buildServer.agent.LauncherUtil - Skipped copy from /home/kleymkovt/electronic_library/buildAgent/bin to /home/kleymkovt/electronic_library/buildAgent/backup/bin 
[2025-11-04 12:16:11,491]  DEBUG - buildServer.agent.LauncherUtil - Copy from /home/kleymkovt/electronic_library/buildAgent/README.md to /home/kleymkovt/electronic_library/buildAgent/backup/README.md 
[2025-11-04 12:16:11,491]  DEBUG - buildServer.agent.LauncherUtil - Skipped copy from /home/kleymkovt/electronic_library/buildAgent/README.md to /home/kleymkovt/electronic_library/buildAgent/backup/README.md 
[2025-11-04 12:16:11,491]  DEBUG - buildServer.agent.LauncherUtil - Copy from /home/kleymkovt/electronic_library/buildAgent/BUILD_197398 to /home/kleymkovt/electronic_library/buildAgent/backup/BUILD_197398 
[2025-11-04 12:16:11,492]  DEBUG - buildServer.agent.LauncherUtil - Copy from /home/kleymkovt/electronic_library/buildAgent/contrib to /home/kleymkovt/electronic_library/buildAgent/backup/contrib 
[2025-11-04 12:16:11,492]  DEBUG - buildServer.agent.LauncherUtil - Skipped copy from /home/kleymkovt/electronic_library/buildAgent/contrib to /home/kleymkovt/electronic_library/buildAgent/backup/contrib 
[2025-11-04 12:16:11,492]  DEBUG - buildServer.agent.LauncherUtil - Copy from /home/kleymkovt/electronic_library/buildAgent/temp to /home/kleymkovt/electronic_library/buildAgent/backup/temp 
[2025-11-04 12:16:11,492]  DEBUG - buildServer.agent.LauncherUtil - Skipped copy from /home/kleymkovt/electronic_library/buildAgent/temp to /home/kleymkovt/electronic_library/buildAgent/backup/temp 
[2025-11-04 12:16:11,492]  DEBUG - buildServer.agent.LauncherUtil - Copy from /home/kleymkovt/electronic_library/buildAgent/backup to /home/kleymkovt/electronic_library/buildAgent/backup/backup 
[2025-11-04 12:16:11,492]  DEBUG - buildServer.agent.LauncherUtil - Skipped copy from /home/kleymkovt/electronic_library/buildAgent/backup to /home/kleymkovt/electronic_library/buildAgent/backup/backup 
[2025-11-04 12:16:11,492]  DEBUG - buildServer.agent.LauncherUtil - Copy from /home/kleymkovt/electronic_library/buildAgent/work to /home/kleymkovt/electronic_library/buildAgent/backup/work 
[2025-11-04 12:16:11,492]  DEBUG - buildServer.agent.LauncherUtil - Skipped copy from /home/kleymkovt/electronic_library/buildAgent/work to /home/kleymkovt/electronic_library/buildAgent/backup/work 
[2025-11-04 12:16:11,492]  DEBUG - buildServer.agent.LauncherUtil - Copy from /home/kleymkovt/electronic_library/buildAgent/update to /home/kleymkovt/electronic_library/buildAgent/backup/update 
[2025-11-04 12:16:11,492]  DEBUG - buildServer.agent.LauncherUtil - Skipped copy from /home/kleymkovt/electronic_library/buildAgent/update to /home/kleymkovt/electronic_library/buildAgent/backup/update 
[2025-11-04 12:16:11,492]  DEBUG - buildServer.agent.LauncherUtil - Copy from /home/kleymkovt/electronic_library/buildAgent/plugins to /home/kleymkovt/electronic_library/buildAgent/backup/plugins 
[2025-11-04 12:16:11,492]  DEBUG - buildServer.agent.LauncherUtil - Skipped copy from /home/kleymkovt/electronic_library/buildAgent/plugins to /home/kleymkovt/electronic_library/buildAgent/backup/plugins 
[2025-11-04 12:16:11,492]  DEBUG - buildServer.agent.LauncherUtil - Copy from /home/kleymkovt/electronic_library/buildAgent/service.properties to /home/kleymkovt/electronic_library/buildAgent/backup/service.properties 
[2025-11-04 12:16:11,492]  DEBUG - buildServer.agent.LauncherUtil - Skipped copy from /home/kleymkovt/electronic_library/buildAgent/service.properties to /home/kleymkovt/electronic_library/buildAgent/backup/service.properties 
[2025-11-04 12:16:11,492]  DEBUG - buildServer.agent.LauncherUtil - Copy from /home/kleymkovt/electronic_library/buildAgent/launcher to /home/kleymkovt/electronic_library/buildAgent/backup/launcher 
[2025-11-04 12:16:11,492]  DEBUG - buildServer.agent.LauncherUtil - Skipped copy from /home/kleymkovt/electronic_library/buildAgent/launcher to /home/kleymkovt/electronic_library/buildAgent/backup/launcher 
[2025-11-04 12:16:11,492]  DEBUG - er.agent.upgrade.UpgradeFolder - UpgradeFolder: FilesOnlyUpgradeFolder [bin] --> backup 
[2025-11-04 12:16:11,492]  DEBUG - buildServer.agent.LauncherUtil - Copy from /home/kleymkovt/electronic_library/buildAgent/bin to /home/kleymkovt/electronic_library/buildAgent/backup/bin 
[2025-11-04 12:16:11,492]  DEBUG - buildServer.agent.LauncherUtil - Copy from /home/kleymkovt/electronic_library/buildAgent/bin/findJava.bat to /home/kleymkovt/electronic_library/buildAgent/backup/bin/findJava.bat 
[2025-11-04 12:16:11,493]  DEBUG - buildServer.agent.LauncherUtil - Copy from /home/kleymkovt/electronic_library/buildAgent/bin/changeAgentProps.bat to /home/kleymkovt/electronic_library/buildAgent/backup/bin/changeAgentProps.bat 
[2025-11-04 12:16:11,494]  DEBUG - buildServer.agent.LauncherUtil - Copy from /home/kleymkovt/electronic_library/buildAgent/bin/mac.launchd.sh to /home/kleymkovt/electronic_library/buildAgent/backup/bin/mac.launchd.sh 
[2025-11-04 12:16:11,495]  DEBUG - buildServer.agent.LauncherUtil - Set executable bit for /home/kleymkovt/electronic_library/buildAgent/backup/bin/mac.launchd.sh 
[2025-11-04 12:16:11,497]  DEBUG - buildServer.agent.LauncherUtil - Copy from /home/kleymkovt/electronic_library/buildAgent/bin/service.start.bat to /home/kleymkovt/electronic_library/buildAgent/backup/bin/service.start.bat 
[2025-11-04 12:16:11,497]  DEBUG - buildServer.agent.LauncherUtil - Copy from /home/kleymkovt/electronic_library/buildAgent/bin/agent.sh to /home/kleymkovt/electronic_library/buildAgent/backup/bin/agent.sh 
[2025-11-04 12:16:11,497]  DEBUG - buildServer.agent.LauncherUtil - Set executable bit for /home/kleymkovt/electronic_library/buildAgent/backup/bin/agent.sh 
[2025-11-04 12:16:11,498]  DEBUG - buildServer.agent.LauncherUtil - Copy from /home/kleymkovt/electronic_library/buildAgent/bin/install.sh to /home/kleymkovt/electronic_library/buildAgent/backup/bin/install.sh 
[2025-11-04 12:16:11,499]  DEBUG - buildServer.agent.LauncherUtil - Set executable bit for /home/kleymkovt/electronic_library/buildAgent/backup/bin/install.sh 
[2025-11-04 12:16:11,500]  DEBUG - buildServer.agent.LauncherUtil - Copy from /home/kleymkovt/electronic_library/buildAgent/bin/uninstall.bat to /home/kleymkovt/electronic_library/buildAgent/backup/bin/uninstall.bat 
[2025-11-04 12:16:11,500]  DEBUG - buildServer.agent.LauncherUtil - Copy from /home/kleymkovt/electronic_library/buildAgent/bin/installJava.bat to /home/kleymkovt/electronic_library/buildAgent/backup/bin/installJava.bat 
[2025-11-04 12:16:11,501]  DEBUG - buildServer.agent.LauncherUtil - Copy from /home/kleymkovt/electronic_library/buildAgent/bin/service.uninstall.bat to /home/kleymkovt/electronic_library/buildAgent/backup/bin/service.uninstall.bat 
[2025-11-04 12:16:11,501]  DEBUG - buildServer.agent.LauncherUtil - Copy from /home/kleymkovt/electronic_library/buildAgent/bin/install.bat to /home/kleymkovt/electronic_library/buildAgent/backup/bin/install.bat 
[2025-11-04 12:16:11,501]  DEBUG - buildServer.agent.LauncherUtil - Copy from /home/kleymkovt/electronic_library/buildAgent/bin/generateNewServiceName.bat to /home/kleymkovt/electronic_library/buildAgent/backup/bin/generateNewServiceName.bat 
[2025-11-04 12:16:11,502]  DEBUG - buildServer.agent.LauncherUtil - Copy from /home/kleymkovt/electronic_library/buildAgent/bin/service.stop.bat to /home/kleymkovt/electronic_library/buildAgent/backup/bin/service.stop.bat 
[2025-11-04 12:16:11,502]  DEBUG - buildServer.agent.LauncherUtil - Copy from /home/kleymkovt/electronic_library/buildAgent/bin/jetbrains.teamcity.BuildAgent.plist to /home/kleymkovt/electronic_library/buildAgent/backup/bin/jetbrains.teamcity.BuildAgent.plist 
[2025-11-04 12:16:11,502]  DEBUG - buildServer.agent.LauncherUtil - Copy from /home/kleymkovt/electronic_library/buildAgent/bin/agent.bat to /home/kleymkovt/electronic_library/buildAgent/backup/bin/agent.bat 
[2025-11-04 12:16:11,503]  DEBUG - buildServer.agent.LauncherUtil - Copy from /home/kleymkovt/electronic_library/buildAgent/bin/service.install.bat to /home/kleymkovt/electronic_library/buildAgent/backup/bin/service.install.bat 
[2025-11-04 12:16:11,503]  DEBUG - buildServer.agent.LauncherUtil - Copy from /home/kleymkovt/electronic_library/buildAgent/bin/jetbrains.teamcity.BuildAgentUpgrade.plist.dist to /home/kleymkovt/electronic_library/buildAgent/backup/bin/jetbrains.teamcity.BuildAgentUpgrade.plist.dist 
[2025-11-04 12:16:11,503]  DEBUG - buildServer.agent.LauncherUtil - Copy from /home/kleymkovt/electronic_library/buildAgent/bin/findJava.sh to /home/kleymkovt/electronic_library/buildAgent/backup/bin/findJava.sh 
[2025-11-04 12:16:11,504]  DEBUG - buildServer.agent.LauncherUtil - Set executable bit for /home/kleymkovt/electronic_library/buildAgent/backup/bin/findJava.sh 
[2025-11-04 12:16:11,505]  DEBUG - er.agent.upgrade.UpgradeFolder - UpgradeFolder: SimpleUpgradeFolder [lib] --> backup 
[2025-11-04 12:16:11,505]  DEBUG - buildServer.agent.LauncherUtil - Copy from /home/kleymkovt/electronic_library/buildAgent/lib to /home/kleymkovt/electronic_library/buildAgent/backup/lib 
[2025-11-04 12:16:11,505]  DEBUG - buildServer.agent.LauncherUtil - Copy from /home/kleymkovt/electronic_library/buildAgent/lib/gson.jar to /home/kleymkovt/electronic_library/buildAgent/backup/lib/gson.jar 
[2025-11-04 12:16:11,506]  DEBUG - buildServer.agent.LauncherUtil - Copy from /home/kleymkovt/electronic_library/buildAgent/lib/httpclient.jar to /home/kleymkovt/electronic_library/buildAgent/backup/lib/httpclient.jar 
[2025-11-04 12:16:11,508]  DEBUG - buildServer.agent.LauncherUtil - Copy from /home/kleymkovt/electronic_library/buildAgent/lib/xz.jar to /home/kleymkovt/electronic_library/buildAgent/backup/lib/xz.jar 
[2025-11-04 12:16:11,509]  DEBUG - buildServer.agent.LauncherUtil - Copy from /home/kleymkovt/electronic_library/buildAgent/lib/spring-instrument.jar to /home/kleymkovt/electronic_library/buildAgent/backup/lib/spring-instrument.jar 
[2025-11-04 12:16:11,510]  DEBUG - buildServer.agent.LauncherUtil - Copy from /home/kleymkovt/electronic_library/buildAgent/lib/idea-settings.jar to /home/kleymkovt/electronic_library/buildAgent/backup/lib/idea-settings.jar 
[2025-11-04 12:16:11,510]  DEBUG - buildServer.agent.LauncherUtil - Copy from /home/kleymkovt/electronic_library/buildAgent/lib/jackson-module-parameter-names.jar to /home/kleymkovt/electronic_library/buildAgent/backup/lib/jackson-module-parameter-names.jar 
[2025-11-04 12:16:11,511]  DEBUG - buildServer.agent.LauncherUtil - Copy from /home/kleymkovt/electronic_library/buildAgent/lib/agent-openapi.jar to /home/kleymkovt/electronic_library/buildAgent/backup/lib/agent-openapi.jar 
[2025-11-04 12:16:11,511]  DEBUG - buildServer.agent.LauncherUtil - Copy from /home/kleymkovt/electronic_library/buildAgent/lib/commons-codec.jar to /home/kleymkovt/electronic_library/buildAgent/backup/lib/commons-codec.jar 
[2025-11-04 12:16:11,512]  DEBUG - buildServer.agent.LauncherUtil - Copy from /home/kleymkovt/electronic_library/buildAgent/lib/nuget-utils.jar to /home/kleymkovt/electronic_library/buildAgent/backup/lib/nuget-utils.jar 
[2025-11-04 12:16:11,513]  DEBUG - buildServer.agent.LauncherUtil - Copy from /home/kleymkovt/electronic_library/buildAgent/lib/coverage-report.jar to /home/kleymkovt/electronic_library/buildAgent/backup/lib/coverage-report.jar 
[2025-11-04 12:16:11,513]  DEBUG - buildServer.agent.LauncherUtil - Copy from /home/kleymkovt/electronic_library/buildAgent/lib/server-deployment-config.jar to /home/kleymkovt/electronic_library/buildAgent/backup/lib/server-deployment-config.jar 
[2025-11-04 12:16:11,514]  DEBUG - buildServer.agent.LauncherUtil - Copy from /home/kleymkovt/electronic_library/buildAgent/lib/spring-beans.jar to /home/kleymkovt/electronic_library/buildAgent/backup/lib/spring-beans.jar 
[2025-11-04 12:16:11,516]  DEBUG - buildServer.agent.LauncherUtil - Copy from /home/kleymkovt/electronic_library/buildAgent/lib/xmlrpc.jar to /home/kleymkovt/electronic_library/buildAgent/backup/lib/xmlrpc.jar 
[2025-11-04 12:16:11,518]  DEBUG - buildServer.agent.LauncherUtil - Copy from /home/kleymkovt/electronic_library/buildAgent/lib/spring-aspects.jar to /home/kleymkovt/electronic_library/buildAgent/backup/lib/spring-aspects.jar 
[2025-11-04 12:16:11,519]  DEBUG - buildServer.agent.LauncherUtil - Copy from /home/kleymkovt/electronic_library/buildAgent/lib/jdk-searcher.jar to /home/kleymkovt/electronic_library/buildAgent/backup/lib/jdk-searcher.jar 
[2025-11-04 12:16:11,519]  DEBUG - buildServer.agent.LauncherUtil - Copy from /home/kleymkovt/electronic_library/buildAgent/lib/agent-deployment-dependencies.jar to /home/kleymkovt/electronic_library/buildAgent/backup/lib/agent-deployment-dependencies.jar 
[2025-11-04 12:16:11,520]  DEBUG - buildServer.agent.LauncherUtil - Copy from /home/kleymkovt/electronic_library/buildAgent/lib/common-config.jar to /home/kleymkovt/electronic_library/buildAgent/backup/lib/common-config.jar 
[2025-11-04 12:16:11,520]  DEBUG - buildServer.agent.LauncherUtil - Copy from /home/kleymkovt/electronic_library/buildAgent/lib/common-tools.jar to /home/kleymkovt/electronic_library/buildAgent/backup/lib/common-tools.jar 
[2025-11-04 12:16:11,520]  DEBUG - buildServer.agent.LauncherUtil - Copy from /home/kleymkovt/electronic_library/buildAgent/lib/kotlin-stdlib-jdk8.jar to /home/kleymkovt/electronic_library/buildAgent/backup/lib/kotlin-stdlib-jdk8.jar 
[2025-11-04 12:16:11,521]  DEBUG - buildServer.agent.LauncherUtil - Copy from /home/kleymkovt/electronic_library/buildAgent/lib/spring-scripting to /home/kleymkovt/electronic_library/buildAgent/backup/lib/spring-scripting 
[2025-11-04 12:16:11,521]  DEBUG - buildServer.agent.LauncherUtil - Copy from /home/kleymkovt/electronic_library/buildAgent/lib/spring-scripting/spring-scripting-jruby.jar to /home/kleymkovt/electronic_library/buildAgent/backup/lib/spring-scripting/spring-scripting-jruby.jar 
[2025-11-04 12:16:11,521]  DEBUG - buildServer.agent.LauncherUtil - Copy from /home/kleymkovt/electronic_library/buildAgent/lib/spring-scripting/spring-scripting-groovy.jar to /home/kleymkovt/electronic_library/buildAgent/backup/lib/spring-scripting/spring-scripting-groovy.jar 
[2025-11-04 12:16:11,522]  DEBUG - buildServer.agent.LauncherUtil - Copy from /home/kleymkovt/electronic_library/buildAgent/lib/spring-scripting/spring-scripting-bsh.jar to /home/kleymkovt/electronic_library/buildAgent/backup/lib/spring-scripting/spring-scripting-bsh.jar 
[2025-11-04 12:16:11,522]  DEBUG - buildServer.agent.LauncherUtil - Copy from /home/kleymkovt/electronic_library/buildAgent/lib/dependency-cache-common.jar to /home/kleymkovt/electronic_library/buildAgent/backup/lib/dependency-cache-common.jar 
[2025-11-04 12:16:11,522]  DEBUG - buildServer.agent.LauncherUtil - Copy from /home/kleymkovt/electronic_library/buildAgent/lib/jackson-module-jaxb-annotations.jar to /home/kleymkovt/electronic_library/buildAgent/backup/lib/jackson-module-jaxb-annotations.jar 
[2025-11-04 12:16:11,523]  DEBUG - buildServer.agent.LauncherUtil - Copy from /home/kleymkovt/electronic_library/buildAgent/lib/agent-configurator.jar to /home/kleymkovt/electronic_library/buildAgent/backup/lib/agent-configurator.jar 
[2025-11-04 12:16:11,523]  DEBUG - buildServer.agent.LauncherUtil - Copy from /home/kleymkovt/electronic_library/buildAgent/lib/kotlin-stdlib-jdk7.jar to /home/kleymkovt/electronic_library/buildAgent/backup/lib/kotlin-stdlib-jdk7.jar 
[2025-11-04 12:16:11,524]  DEBUG - buildServer.agent.LauncherUtil - Copy from /home/kleymkovt/electronic_library/buildAgent/lib/service-utils.jar to /home/kleymkovt/electronic_library/buildAgent/backup/lib/service-utils.jar 
[2025-11-04 12:16:11,524]  DEBUG - buildServer.agent.LauncherUtil - Copy from /home/kleymkovt/electronic_library/buildAgent/lib/launcher.jar to /home/kleymkovt/electronic_library/buildAgent/backup/lib/launcher.jar 
[2025-11-04 12:16:11,525]  DEBUG - buildServer.agent.LauncherUtil - Copy from /home/kleymkovt/electronic_library/buildAgent/lib/commons-beanutils.jar to /home/kleymkovt/electronic_library/buildAgent/backup/lib/commons-beanutils.jar 
[2025-11-04 12:16:11,526]  DEBUG - buildServer.agent.LauncherUtil - Copy from /home/kleymkovt/electronic_library/buildAgent/lib/xstream.jar to /home/kleymkovt/electronic_library/buildAgent/backup/lib/xstream.jar 
[2025-11-04 12:16:11,528]  DEBUG - buildServer.agent.LauncherUtil - Copy from /home/kleymkovt/electronic_library/buildAgent/lib/common-vcs.jar to /home/kleymkovt/electronic_library/buildAgent/backup/lib/common-vcs.jar 
[2025-11-04 12:16:11,528]  DEBUG - buildServer.agent.LauncherUtil - Copy from /home/kleymkovt/electronic_library/buildAgent/lib/launcher-api.jar to /home/kleymkovt/electronic_library/buildAgent/backup/lib/launcher-api.jar 
[2025-11-04 12:16:11,529]  DEBUG - buildServer.agent.LauncherUtil - Copy from /home/kleymkovt/electronic_library/buildAgent/lib/jackson-dataformat-yaml.jar to /home/kleymkovt/electronic_library/buildAgent/backup/lib/jackson-dataformat-yaml.jar 
[2025-11-04 12:16:11,529]  DEBUG - buildServer.agent.LauncherUtil - Copy from /home/kleymkovt/electronic_library/buildAgent/lib/xpp3.jar to /home/kleymkovt/electronic_library/buildAgent/backup/lib/xpp3.jar 
[2025-11-04 12:16:11,530]  DEBUG - buildServer.agent.LauncherUtil - Copy from /home/kleymkovt/electronic_library/buildAgent/lib/woodstox-core.jar to /home/kleymkovt/electronic_library/buildAgent/backup/lib/woodstox-core.jar 
[2025-11-04 12:16:11,533]  DEBUG - buildServer.agent.LauncherUtil - Copy from /home/kleymkovt/electronic_library/buildAgent/lib/jackson-databind.jar to /home/kleymkovt/electronic_library/buildAgent/backup/lib/jackson-databind.jar 
[2025-11-04 12:16:11,538]  DEBUG - buildServer.agent.LauncherUtil - Copy from /home/kleymkovt/electronic_library/buildAgent/lib/server-logging.jar to /home/kleymkovt/electronic_library/buildAgent/backup/lib/server-logging.jar 
[2025-11-04 12:16:11,539]  DEBUG - buildServer.agent.LauncherUtil - Copy from /home/kleymkovt/electronic_library/buildAgent/lib/inspections-util.jar to /home/kleymkovt/electronic_library/buildAgent/backup/lib/inspections-util.jar 
[2025-11-04 12:16:11,539]  DEBUG - buildServer.agent.LauncherUtil - Copy from /home/kleymkovt/electronic_library/buildAgent/lib/cloud-shared-core.jar to /home/kleymkovt/electronic_library/buildAgent/backup/lib/cloud-shared-core.jar 
[2025-11-04 12:16:11,539]  DEBUG - buildServer.agent.LauncherUtil - Copy from /home/kleymkovt/electronic_library/buildAgent/lib/app-wrapper.jar to /home/kleymkovt/electronic_library/buildAgent/backup/lib/app-wrapper.jar 
[2025-11-04 12:16:11,540]  DEBUG - buildServer.agent.LauncherUtil - Copy from /home/kleymkovt/electronic_library/buildAgent/lib/agent-core.jar to /home/kleymkovt/electronic_library/buildAgent/backup/lib/agent-core.jar 
[2025-11-04 12:16:11,544]  DEBUG - buildServer.agent.LauncherUtil - Copy from /home/kleymkovt/electronic_library/buildAgent/lib/commons-httpclient.jar to /home/kleymkovt/electronic_library/buildAgent/backup/lib/commons-httpclient.jar 
[2025-11-04 12:16:11,546]  DEBUG - buildServer.agent.LauncherUtil - Copy from /home/kleymkovt/electronic_library/buildAgent/lib/common-jackson.jar to /home/kleymkovt/electronic_library/buildAgent/backup/lib/common-jackson.jar 
[2025-11-04 12:16:11,547]  DEBUG - buildServer.agent.LauncherUtil - Copy from /home/kleymkovt/electronic_library/buildAgent/lib/duplicator-util.jar to /home/kleymkovt/electronic_library/buildAgent/backup/lib/duplicator-util.jar 
[2025-11-04 12:16:11,547]  DEBUG - buildServer.agent.LauncherUtil - Copy from /home/kleymkovt/electronic_library/buildAgent/lib/jackson-core.jar to /home/kleymkovt/electronic_library/buildAgent/backup/lib/jackson-core.jar 
[2025-11-04 12:16:11,549]  DEBUG - buildServer.agent.LauncherUtil - Copy from /home/kleymkovt/electronic_library/buildAgent/lib/jackson-annotations.jar to /home/kleymkovt/electronic_library/buildAgent/backup/lib/jackson-annotations.jar 
[2025-11-04 12:16:11,549]  DEBUG - buildServer.agent.LauncherUtil - Copy from /home/kleymkovt/electronic_library/buildAgent/lib/ehcache-core.jar to /home/kleymkovt/electronic_library/buildAgent/backup/lib/ehcache-core.jar 
[2025-11-04 12:16:11,550]  DEBUG - buildServer.agent.LauncherUtil - Copy from /home/kleymkovt/electronic_library/buildAgent/lib/patches.jar to /home/kleymkovt/electronic_library/buildAgent/backup/lib/patches.jar 
[2025-11-04 12:16:11,551]  DEBUG - buildServer.agent.LauncherUtil - Copy from /home/kleymkovt/electronic_library/buildAgent/lib/xercesImpl.jar to /home/kleymkovt/electronic_library/buildAgent/backup/lib/xercesImpl.jar 
[2025-11-04 12:16:11,554]  DEBUG - buildServer.agent.LauncherUtil - Copy from /home/kleymkovt/electronic_library/buildAgent/lib/jackson-datatype-jdk8.jar to /home/kleymkovt/electronic_library/buildAgent/backup/lib/jackson-datatype-jdk8.jar 
[2025-11-04 12:16:11,556]  DEBUG - buildServer.agent.LauncherUtil - Copy from /home/kleymkovt/electronic_library/buildAgent/lib/spring-jdbc.jar to /home/kleymkovt/electronic_library/buildAgent/backup/lib/spring-jdbc.jar 
[2025-11-04 12:16:11,557]  DEBUG - buildServer.agent.LauncherUtil - Copy from /home/kleymkovt/electronic_library/buildAgent/lib/jackson-dataformat-xml.jar to /home/kleymkovt/electronic_library/buildAgent/backup/lib/jackson-dataformat-xml.jar 
[2025-11-04 12:16:11,558]  DEBUG - buildServer.agent.LauncherUtil - Copy from /home/kleymkovt/electronic_library/buildAgent/lib/agentInstaller-UI.jar to /home/kleymkovt/electronic_library/buildAgent/backup/lib/agentInstaller-UI.jar 
[2025-11-04 12:16:11,559]  DEBUG - buildServer.agent.LauncherUtil - Copy from /home/kleymkovt/electronic_library/buildAgent/lib/spring-tx.jar to /home/kleymkovt/electronic_library/buildAgent/backup/lib/spring-tx.jar 
[2025-11-04 12:16:11,560]  DEBUG - buildServer.agent.LauncherUtil - Copy from /home/kleymkovt/electronic_library/buildAgent/lib/annotations.jar to /home/kleymkovt/electronic_library/buildAgent/backup/lib/annotations.jar 
[2025-11-04 12:16:11,560]  DEBUG - buildServer.agent.LauncherUtil - Copy from /home/kleymkovt/electronic_library/buildAgent/lib/jdom.jar to /home/kleymkovt/electronic_library/buildAgent/backup/lib/jdom.jar 
[2025-11-04 12:16:11,561]  DEBUG - buildServer.agent.LauncherUtil - Copy from /home/kleymkovt/electronic_library/buildAgent/lib/logging.jar to /home/kleymkovt/electronic_library/buildAgent/backup/lib/logging.jar 
[2025-11-04 12:16:11,561]  DEBUG - buildServer.agent.LauncherUtil - Copy from /home/kleymkovt/electronic_library/buildAgent/lib/log4j-core.jar to /home/kleymkovt/electronic_library/buildAgent/backup/lib/log4j-core.jar 
[2025-11-04 12:16:11,564]  DEBUG - buildServer.agent.LauncherUtil - Copy from /home/kleymkovt/electronic_library/buildAgent/lib/log4j-1.2-api.jar to /home/kleymkovt/electronic_library/buildAgent/backup/lib/log4j-1.2-api.jar 
[2025-11-04 12:16:11,566]  DEBUG - buildServer.agent.LauncherUtil - Copy from /home/kleymkovt/electronic_library/buildAgent/lib/encryption-utils.jar to /home/kleymkovt/electronic_library/buildAgent/backup/lib/encryption-utils.jar 
[2025-11-04 12:16:11,567]  DEBUG - buildServer.agent.LauncherUtil - Copy from /home/kleymkovt/electronic_library/buildAgent/lib/freemarker.jar to /home/kleymkovt/electronic_library/buildAgent/backup/lib/freemarker.jar 
[2025-11-04 12:16:11,570]  DEBUG - buildServer.agent.LauncherUtil - Copy from /home/kleymkovt/electronic_library/buildAgent/lib/common-runtime.jar to /home/kleymkovt/electronic_library/buildAgent/backup/lib/common-runtime.jar 
[2025-11-04 12:16:11,571]  DEBUG - buildServer.agent.LauncherUtil - Copy from /home/kleymkovt/electronic_library/buildAgent/lib/agent-upgrade.jar to /home/kleymkovt/electronic_library/buildAgent/backup/lib/agent-upgrade.jar 
[2025-11-04 12:16:11,572]  DEBUG - buildServer.agent.LauncherUtil - Copy from /home/kleymkovt/electronic_library/buildAgent/lib/plugin-model-common.jar to /home/kleymkovt/electronic_library/buildAgent/backup/lib/plugin-model-common.jar 
[2025-11-04 12:16:11,572]  DEBUG - buildServer.agent.LauncherUtil - Copy from /home/kleymkovt/electronic_library/buildAgent/lib/messages.jar to /home/kleymkovt/electronic_library/buildAgent/backup/lib/messages.jar 
[2025-11-04 12:16:11,573]  DEBUG - buildServer.agent.LauncherUtil - Copy from /home/kleymkovt/electronic_library/buildAgent/lib/common-spring.jar to /home/kleymkovt/electronic_library/buildAgent/backup/lib/common-spring.jar 
[2025-11-04 12:16:11,573]  DEBUG - buildServer.agent.LauncherUtil - Copy from /home/kleymkovt/electronic_library/buildAgent/lib/agent-upgrade-common.jar to /home/kleymkovt/electronic_library/buildAgent/backup/lib/agent-upgrade-common.jar 
[2025-11-04 12:16:11,574]  DEBUG - buildServer.agent.LauncherUtil - Copy from /home/kleymkovt/electronic_library/buildAgent/lib/xmlpull.jar to /home/kleymkovt/electronic_library/buildAgent/backup/lib/xmlpull.jar 
[2025-11-04 12:16:11,574]  DEBUG - buildServer.agent.LauncherUtil - Copy from /home/kleymkovt/electronic_library/buildAgent/lib/commons-compress.jar to /home/kleymkovt/electronic_library/buildAgent/backup/lib/commons-compress.jar 
[2025-11-04 12:16:11,577]  DEBUG - buildServer.agent.LauncherUtil - Copy from /home/kleymkovt/electronic_library/buildAgent/lib/commons-collections.jar to /home/kleymkovt/electronic_library/buildAgent/backup/lib/commons-collections.jar 
[2025-11-04 12:16:11,578]  DEBUG - buildServer.agent.LauncherUtil - Copy from /home/kleymkovt/electronic_library/buildAgent/lib/agent-deployment.jar to /home/kleymkovt/electronic_library/buildAgent/backup/lib/agent-deployment.jar 
[2025-11-04 12:16:11,579]  DEBUG - buildServer.agent.LauncherUtil - Copy from /home/kleymkovt/electronic_library/buildAgent/lib/commons-lang3.jar to /home/kleymkovt/electronic_library/buildAgent/backup/lib/commons-lang3.jar 
[2025-11-04 12:16:11,581]  DEBUG - buildServer.agent.LauncherUtil - Copy from /home/kleymkovt/electronic_library/buildAgent/lib/snakeyaml.jar to /home/kleymkovt/electronic_library/buildAgent/backup/lib/snakeyaml.jar 
[2025-11-04 12:16:11,583]  DEBUG - buildServer.agent.LauncherUtil - Copy from /home/kleymkovt/electronic_library/buildAgent/lib/jaxen.jar to /home/kleymkovt/electronic_library/buildAgent/backup/lib/jaxen.jar 
[2025-11-04 12:16:11,584]  DEBUG - buildServer.agent.LauncherUtil - Copy from /home/kleymkovt/electronic_library/buildAgent/lib/patches-impl.jar to /home/kleymkovt/electronic_library/buildAgent/backup/lib/patches-impl.jar 
[2025-11-04 12:16:11,585]  DEBUG - buildServer.agent.LauncherUtil - Copy from /home/kleymkovt/electronic_library/buildAgent/lib/commons-io.jar to /home/kleymkovt/electronic_library/buildAgent/backup/lib/commons-io.jar 
[2025-11-04 12:16:11,587]  DEBUG - buildServer.agent.LauncherUtil - Copy from /home/kleymkovt/electronic_library/buildAgent/lib/mxparser.jar to /home/kleymkovt/electronic_library/buildAgent/backup/lib/mxparser.jar 
[2025-11-04 12:16:11,587]  DEBUG - buildServer.agent.LauncherUtil - Copy from /home/kleymkovt/electronic_library/buildAgent/lib/common-impl.jar to /home/kleymkovt/electronic_library/buildAgent/backup/lib/common-impl.jar 
[2025-11-04 12:16:11,589]  DEBUG - buildServer.agent.LauncherUtil - Copy from /home/kleymkovt/electronic_library/buildAgent/lib/agent-deployment-config.jar to /home/kleymkovt/electronic_library/buildAgent/backup/lib/agent-deployment-config.jar 
[2025-11-04 12:16:11,589]  DEBUG - buildServer.agent.LauncherUtil - Copy from /home/kleymkovt/electronic_library/buildAgent/lib/log4j-slf4j-impl.jar to /home/kleymkovt/electronic_library/buildAgent/backup/lib/log4j-slf4j-impl.jar 
[2025-11-04 12:16:11,589]  DEBUG - buildServer.agent.LauncherUtil - Copy from /home/kleymkovt/electronic_library/buildAgent/lib/httpcore.jar to /home/kleymkovt/electronic_library/buildAgent/backup/lib/httpcore.jar 
[2025-11-04 12:16:11,591]  DEBUG - buildServer.agent.LauncherUtil - Copy from /home/kleymkovt/electronic_library/buildAgent/lib/xml-rpc-wrapper.jar to /home/kleymkovt/electronic_library/buildAgent/backup/lib/xml-rpc-wrapper.jar 
[2025-11-04 12:16:11,591]  DEBUG - buildServer.agent.LauncherUtil - Copy from /home/kleymkovt/electronic_library/buildAgent/lib/spring-context-support.jar to /home/kleymkovt/electronic_library/buildAgent/backup/lib/spring-context-support.jar 
[2025-11-04 12:16:11,592]  DEBUG - buildServer.agent.LauncherUtil - Copy from /home/kleymkovt/electronic_library/buildAgent/lib/kotlin-stdlib.jar to /home/kleymkovt/electronic_library/buildAgent/backup/lib/kotlin-stdlib.jar 
[2025-11-04 12:16:11,595]  DEBUG - buildServer.agent.LauncherUtil - Copy from /home/kleymkovt/electronic_library/buildAgent/lib/buildAgent-updates-applying.jar to /home/kleymkovt/electronic_library/buildAgent/backup/lib/buildAgent-updates-applying.jar 
[2025-11-04 12:16:11,608]  DEBUG - buildServer.agent.LauncherUtil - Copy from /home/kleymkovt/electronic_library/buildAgent/lib/build-version.jar to /home/kleymkovt/electronic_library/buildAgent/backup/lib/build-version.jar 
[2025-11-04 12:16:11,619]  DEBUG - buildServer.agent.LauncherUtil - Copy from /home/kleymkovt/electronic_library/buildAgent/lib/dependency-cache-agent.jar to /home/kleymkovt/electronic_library/buildAgent/backup/lib/dependency-cache-agent.jar 
[2025-11-04 12:16:11,620]  DEBUG - buildServer.agent.LauncherUtil - Copy from /home/kleymkovt/electronic_library/buildAgent/lib/slf4j-api.jar to /home/kleymkovt/electronic_library/buildAgent/backup/lib/slf4j-api.jar 
[2025-11-04 12:16:11,621]  DEBUG - buildServer.agent.LauncherUtil - Copy from /home/kleymkovt/electronic_library/buildAgent/lib/coverage-java-agent-common.jar to /home/kleymkovt/electronic_library/buildAgent/backup/lib/coverage-java-agent-common.jar 
[2025-11-04 12:16:11,621]  DEBUG - buildServer.agent.LauncherUtil - Copy from /home/kleymkovt/electronic_library/buildAgent/lib/common-graph.jar to /home/kleymkovt/electronic_library/buildAgent/backup/lib/common-graph.jar 
[2025-11-04 12:16:11,622]  DEBUG - buildServer.agent.LauncherUtil - Copy from /home/kleymkovt/electronic_library/buildAgent/lib/commons-logging.jar to /home/kleymkovt/electronic_library/buildAgent/backup/lib/commons-logging.jar 
[2025-11-04 12:16:11,622]  DEBUG - buildServer.agent.LauncherUtil - Copy from /home/kleymkovt/electronic_library/buildAgent/lib/jakarta.xml.bind-api.jar to /home/kleymkovt/electronic_library/buildAgent/backup/lib/jakarta.xml.bind-api.jar 
[2025-11-04 12:16:11,623]  DEBUG - buildServer.agent.LauncherUtil - Copy from /home/kleymkovt/electronic_library/buildAgent/lib/com.github.adedayo.intellij.sdk.trove4j.jar to /home/kleymkovt/electronic_library/buildAgent/backup/lib/com.github.adedayo.intellij.sdk.trove4j.jar 
[2025-11-04 12:16:11,625]  DEBUG - buildServer.agent.LauncherUtil - Copy from /home/kleymkovt/electronic_library/buildAgent/lib/oauth-integration-agent.jar to /home/kleymkovt/electronic_library/buildAgent/backup/lib/oauth-integration-agent.jar 
[2025-11-04 12:16:11,625]  DEBUG - buildServer.agent.LauncherUtil - Copy from /home/kleymkovt/electronic_library/buildAgent/lib/idea-obsolete-openapi.jar to /home/kleymkovt/electronic_library/buildAgent/backup/lib/idea-obsolete-openapi.jar 
[2025-11-04 12:16:11,627]  DEBUG - buildServer.agent.LauncherUtil - Copy from /home/kleymkovt/electronic_library/buildAgent/lib/common-step-conditions.jar to /home/kleymkovt/electronic_library/buildAgent/backup/lib/common-step-conditions.jar 
[2025-11-04 12:16:11,628]  DEBUG - buildServer.agent.LauncherUtil - Copy from /home/kleymkovt/electronic_library/buildAgent/lib/stax2-api.jar to /home/kleymkovt/electronic_library/buildAgent/backup/lib/stax2-api.jar 
[2025-11-04 12:16:11,629]  DEBUG - buildServer.agent.LauncherUtil - Copy from /home/kleymkovt/electronic_library/buildAgent/lib/spring-expression.jar to /home/kleymkovt/electronic_library/buildAgent/backup/lib/spring-expression.jar 
[2025-11-04 12:16:11,642]  DEBUG - buildServer.agent.LauncherUtil - Copy from /home/kleymkovt/electronic_library/buildAgent/lib/platform-specific.jar to /home/kleymkovt/electronic_library/buildAgent/backup/lib/platform-specific.jar 
[2025-11-04 12:16:11,643]  DEBUG - buildServer.agent.LauncherUtil - Copy from /home/kleymkovt/electronic_library/buildAgent/lib/connections-api-common.jar to /home/kleymkovt/electronic_library/buildAgent/backup/lib/connections-api-common.jar 
[2025-11-04 12:16:11,644]  DEBUG - buildServer.agent.LauncherUtil - Copy from /home/kleymkovt/electronic_library/buildAgent/lib/net.sf.trove4j.trove4j.jar to /home/kleymkovt/electronic_library/buildAgent/backup/lib/net.sf.trove4j.trove4j.jar 
[2025-11-04 12:16:11,647]  DEBUG - buildServer.agent.LauncherUtil - Copy from /home/kleymkovt/electronic_library/buildAgent/lib/utils.jar to /home/kleymkovt/electronic_library/buildAgent/backup/lib/utils.jar 
[2025-11-04 12:16:11,660]  DEBUG - buildServer.agent.LauncherUtil - Copy from /home/kleymkovt/electronic_library/buildAgent/lib/runtime-util.jar to /home/kleymkovt/electronic_library/buildAgent/backup/lib/runtime-util.jar 
[2025-11-04 12:16:11,661]  DEBUG - buildServer.agent.LauncherUtil - Copy from /home/kleymkovt/electronic_library/buildAgent/lib/serviceMessages.jar to /home/kleymkovt/electronic_library/buildAgent/backup/lib/serviceMessages.jar 
[2025-11-04 12:16:11,673]  DEBUG - buildServer.agent.LauncherUtil - Copy from /home/kleymkovt/electronic_library/buildAgent/lib/spring-core.jar to /home/kleymkovt/electronic_library/buildAgent/backup/lib/spring-core.jar 
[2025-11-04 12:16:11,690]  DEBUG - buildServer.agent.LauncherUtil - Copy from /home/kleymkovt/electronic_library/buildAgent/lib/httpmime.jar to /home/kleymkovt/electronic_library/buildAgent/backup/lib/httpmime.jar 
[2025-11-04 12:16:11,692]  DEBUG - buildServer.agent.LauncherUtil - Copy from /home/kleymkovt/electronic_library/buildAgent/lib/xml-apis.jar to /home/kleymkovt/electronic_library/buildAgent/backup/lib/xml-apis.jar 
[2025-11-04 12:16:11,694]  DEBUG - buildServer.agent.LauncherUtil - Copy from /home/kleymkovt/electronic_library/buildAgent/lib/joda-time.jar to /home/kleymkovt/electronic_library/buildAgent/backup/lib/joda-time.jar 
[2025-11-04 12:16:11,698]  DEBUG - buildServer.agent.LauncherUtil - Copy from /home/kleymkovt/electronic_library/buildAgent/lib/patches-low.jar to /home/kleymkovt/electronic_library/buildAgent/backup/lib/patches-low.jar 
[2025-11-04 12:16:11,699]  DEBUG - buildServer.agent.LauncherUtil - Copy from /home/kleymkovt/electronic_library/buildAgent/lib/agent-launcher.jar to /home/kleymkovt/electronic_library/buildAgent/backup/lib/agent-launcher.jar 
[2025-11-04 12:16:11,700]  DEBUG - buildServer.agent.LauncherUtil - Copy from /home/kleymkovt/electronic_library/buildAgent/lib/spring-aop.jar to /home/kleymkovt/electronic_library/buildAgent/backup/lib/spring-aop.jar 
[2025-11-04 12:16:11,702]  DEBUG - buildServer.agent.LauncherUtil - Copy from /home/kleymkovt/electronic_library/buildAgent/lib/spring-context.jar to /home/kleymkovt/electronic_library/buildAgent/backup/lib/spring-context.jar 
[2025-11-04 12:16:11,730]  DEBUG - buildServer.agent.LauncherUtil - Copy from /home/kleymkovt/electronic_library/buildAgent/lib/jackson-datatype-jsr310.jar to /home/kleymkovt/electronic_library/buildAgent/backup/lib/jackson-datatype-jsr310.jar 
[2025-11-04 12:16:11,731]  DEBUG - buildServer.agent.LauncherUtil - Copy from /home/kleymkovt/electronic_library/buildAgent/lib/common.jar to /home/kleymkovt/electronic_library/buildAgent/backup/lib/common.jar 
[2025-11-04 12:16:11,735]  DEBUG - buildServer.agent.LauncherUtil - Copy from /home/kleymkovt/electronic_library/buildAgent/lib/log4j-api.jar to /home/kleymkovt/electronic_library/buildAgent/backup/lib/log4j-api.jar 
[2025-11-04 12:16:11,759]  DEBUG - er.agent.upgrade.UpgradeFolder - UpgradeFolder: NoBackupUpgradeFolder [plugins] --> backup 
[2025-11-04 12:16:11,759]  DEBUG - er.agent.upgrade.UpgradeFolder - UpgradeFolder: NoBackupUpgradeFolder [tools] --> backup 
[2025-11-04 12:16:11,759]  DEBUG - er.agent.upgrade.UpgradeFolder - UpgradeFolder: LauncherFolder [launcher] --> backup 
[2025-11-04 12:16:11,759]  DEBUG - buildServer.agent.LauncherUtil - Copy from /home/kleymkovt/electronic_library/buildAgent/launcher to /home/kleymkovt/electronic_library/buildAgent/backup/launcher 
[2025-11-04 12:16:11,770]  DEBUG - buildServer.agent.LauncherUtil - Copy from /home/kleymkovt/electronic_library/buildAgent/launcher/lib to /home/kleymkovt/electronic_library/buildAgent/backup/launcher/lib 
[2025-11-04 12:16:11,782]  DEBUG - buildServer.agent.LauncherUtil - Copy from /home/kleymkovt/electronic_library/buildAgent/launcher/lib/libwrapper-linux-x86-64.so to /home/kleymkovt/electronic_library/buildAgent/backup/launcher/lib/libwrapper-linux-x86-64.so 
[2025-11-04 12:16:11,784]  DEBUG - buildServer.agent.LauncherUtil - Copy from /home/kleymkovt/electronic_library/buildAgent/launcher/lib/libwrapper-solaris-sparc-32.so to /home/kleymkovt/electronic_library/buildAgent/backup/launcher/lib/libwrapper-solaris-sparc-32.so 
[2025-11-04 12:16:11,785]  DEBUG - buildServer.agent.LauncherUtil - Copy from /home/kleymkovt/electronic_library/buildAgent/launcher/lib/launcher.jar to /home/kleymkovt/electronic_library/buildAgent/backup/launcher/lib/launcher.jar 
[2025-11-04 12:16:11,787]  DEBUG - buildServer.agent.LauncherUtil - Copy from /home/kleymkovt/electronic_library/buildAgent/launcher/lib/wrapper-windows-x86-64.dll to /home/kleymkovt/electronic_library/buildAgent/backup/launcher/lib/wrapper-windows-x86-64.dll 
[2025-11-04 12:16:11,788]  DEBUG - buildServer.agent.LauncherUtil - Copy from /home/kleymkovt/electronic_library/buildAgent/launcher/lib/annotations.jar to /home/kleymkovt/electronic_library/buildAgent/backup/launcher/lib/annotations.jar 
[2025-11-04 12:16:11,788]  DEBUG - buildServer.agent.LauncherUtil - Copy from /home/kleymkovt/electronic_library/buildAgent/launcher/lib/log4j-core.jar to /home/kleymkovt/electronic_library/buildAgent/backup/launcher/lib/log4j-core.jar 
[2025-11-04 12:16:11,793]  DEBUG - buildServer.agent.LauncherUtil - Copy from /home/kleymkovt/electronic_library/buildAgent/launcher/lib/log4j-1.2-api.jar to /home/kleymkovt/electronic_library/buildAgent/backup/launcher/lib/log4j-1.2-api.jar 
[2025-11-04 12:16:11,794]  DEBUG - buildServer.agent.LauncherUtil - Copy from /home/kleymkovt/electronic_library/buildAgent/launcher/lib/libwrapper-macosx-universal-32.jnilib to /home/kleymkovt/electronic_library/buildAgent/backup/launcher/lib/libwrapper-macosx-universal-32.jnilib 
[2025-11-04 12:16:11,807]  DEBUG - buildServer.agent.LauncherUtil - Copy from /home/kleymkovt/electronic_library/buildAgent/launcher/lib/libwrapper-linux-ppc-64.so to /home/kleymkovt/electronic_library/buildAgent/backup/launcher/lib/libwrapper-linux-ppc-64.so 
[2025-11-04 12:16:11,818]  DEBUG - buildServer.agent.LauncherUtil - Copy from /home/kleymkovt/electronic_library/buildAgent/launcher/lib/wrapper.jar to /home/kleymkovt/electronic_library/buildAgent/backup/launcher/lib/wrapper.jar 
[2025-11-04 12:16:11,829]  DEBUG - buildServer.agent.LauncherUtil - Copy from /home/kleymkovt/electronic_library/buildAgent/launcher/lib/libwrapper-solaris-x86-32.so to /home/kleymkovt/electronic_library/buildAgent/backup/launcher/lib/libwrapper-solaris-x86-32.so 
[2025-11-04 12:16:11,831]  DEBUG - buildServer.agent.LauncherUtil - Copy from /home/kleymkovt/electronic_library/buildAgent/launcher/lib/buildAgent-updates-applying.jar to /home/kleymkovt/electronic_library/buildAgent/backup/launcher/lib/buildAgent-updates-applying.jar 
[2025-11-04 12:16:11,832]  DEBUG - buildServer.agent.LauncherUtil - Copy from /home/kleymkovt/electronic_library/buildAgent/launcher/lib/libwrapper-macosx-ppc-32.jnilib to /home/kleymkovt/electronic_library/buildAgent/backup/launcher/lib/libwrapper-macosx-ppc-32.jnilib 
[2025-11-04 12:16:11,838]  DEBUG - buildServer.agent.LauncherUtil - Copy from /home/kleymkovt/electronic_library/buildAgent/launcher/lib/libwrapper-solaris-sparc-64.so to /home/kleymkovt/electronic_library/buildAgent/backup/launcher/lib/libwrapper-solaris-sparc-64.so 
[2025-11-04 12:16:11,839]  DEBUG - buildServer.agent.LauncherUtil - Copy from /home/kleymkovt/electronic_library/buildAgent/launcher/lib/wrapper-windows-x86-32.dll to /home/kleymkovt/electronic_library/buildAgent/backup/launcher/lib/wrapper-windows-x86-32.dll 
[2025-11-04 12:16:11,839]  DEBUG - buildServer.agent.LauncherUtil - Copy from /home/kleymkovt/electronic_library/buildAgent/launcher/lib/libwrapper-linux-x86-32.so to /home/kleymkovt/electronic_library/buildAgent/backup/launcher/lib/libwrapper-linux-x86-32.so 
[2025-11-04 12:16:11,839]  DEBUG - buildServer.agent.LauncherUtil - Copy from /home/kleymkovt/electronic_library/buildAgent/launcher/lib/agent-launcher.jar to /home/kleymkovt/electronic_library/buildAgent/backup/launcher/lib/agent-launcher.jar 
[2025-11-04 12:16:11,840]  DEBUG - buildServer.agent.LauncherUtil - Copy from /home/kleymkovt/electronic_library/buildAgent/launcher/lib/log4j-api.jar to /home/kleymkovt/electronic_library/buildAgent/backup/launcher/lib/log4j-api.jar 
[2025-11-04 12:16:11,841]  DEBUG - buildServer.agent.LauncherUtil - Copy from /home/kleymkovt/electronic_library/buildAgent/launcher/conf to /home/kleymkovt/electronic_library/buildAgent/backup/launcher/conf 
[2025-11-04 12:16:11,841]  DEBUG - buildServer.agent.LauncherUtil - Copy from /home/kleymkovt/electronic_library/buildAgent/launcher/conf/wrapper.conf to /home/kleymkovt/electronic_library/buildAgent/backup/launcher/conf/wrapper.conf 
[2025-11-04 12:16:11,841]  DEBUG - buildServer.agent.LauncherUtil - Copy from /home/kleymkovt/electronic_library/buildAgent/launcher/bin to /home/kleymkovt/electronic_library/buildAgent/backup/launcher/bin 
[2025-11-04 12:16:11,841]  DEBUG - buildServer.agent.LauncherUtil - Copy from /home/kleymkovt/electronic_library/buildAgent/launcher/bin/TeamCityAgentService-macosx-ppc-32 to /home/kleymkovt/electronic_library/buildAgent/backup/launcher/bin/TeamCityAgentService-macosx-ppc-32 
[2025-11-04 12:16:11,842]  DEBUG - buildServer.agent.LauncherUtil - Copy from /home/kleymkovt/electronic_library/buildAgent/launcher/bin/TeamCityAgentService-linux-x86-64 to /home/kleymkovt/electronic_library/buildAgent/backup/launcher/bin/TeamCityAgentService-linux-x86-64 
[2025-11-04 12:16:11,842]  DEBUG - buildServer.agent.LauncherUtil - Copy from /home/kleymkovt/electronic_library/buildAgent/launcher/bin/TeamCityAgentService-solaris-sparc-64 to /home/kleymkovt/electronic_library/buildAgent/backup/launcher/bin/TeamCityAgentService-solaris-sparc-64 
[2025-11-04 12:16:11,843]  DEBUG - buildServer.agent.LauncherUtil - Copy from /home/kleymkovt/electronic_library/buildAgent/launcher/bin/TeamCityAgentService-linux-x86-32 to /home/kleymkovt/electronic_library/buildAgent/backup/launcher/bin/TeamCityAgentService-linux-x86-32 
[2025-11-04 12:16:11,844]  DEBUG - buildServer.agent.LauncherUtil - Copy from /home/kleymkovt/electronic_library/buildAgent/launcher/bin/TeamCityAgentService-solaris-x86-32 to /home/kleymkovt/electronic_library/buildAgent/backup/launcher/bin/TeamCityAgentService-solaris-x86-32 
[2025-11-04 12:16:11,844]  DEBUG - buildServer.agent.LauncherUtil - Copy from /home/kleymkovt/electronic_library/buildAgent/launcher/bin/TeamCityAgentService-windows-x86-64.exe to /home/kleymkovt/electronic_library/buildAgent/backup/launcher/bin/TeamCityAgentService-windows-x86-64.exe 
[2025-11-04 12:16:11,846]  DEBUG - buildServer.agent.LauncherUtil - Copy from /home/kleymkovt/electronic_library/buildAgent/launcher/bin/TeamCityAgentService-macosx-universal-32 to /home/kleymkovt/electronic_library/buildAgent/backup/launcher/bin/TeamCityAgentService-macosx-universal-32 
[2025-11-04 12:16:11,847]  DEBUG - buildServer.agent.LauncherUtil - Copy from /home/kleymkovt/electronic_library/buildAgent/launcher/bin/TeamCityAgentService-windows-x86-32.exe to /home/kleymkovt/electronic_library/buildAgent/backup/launcher/bin/TeamCityAgentService-windows-x86-32.exe 
[2025-11-04 12:16:11,848]  DEBUG - buildServer.agent.LauncherUtil - Copy from /home/kleymkovt/electronic_library/buildAgent/launcher/bin/TeamCityAgentService-linux-ppc-64 to /home/kleymkovt/electronic_library/buildAgent/backup/launcher/bin/TeamCityAgentService-linux-ppc-64 
[2025-11-04 12:16:11,849]  DEBUG - buildServer.agent.LauncherUtil - Copy from /home/kleymkovt/electronic_library/buildAgent/launcher/bin/TeamCityAgentService-solaris-sparc-32 to /home/kleymkovt/electronic_library/buildAgent/backup/launcher/bin/TeamCityAgentService-solaris-sparc-32 
[2025-11-04 12:16:11,873]  DEBUG - buildServer.agent.LauncherUtil - Copy from /home/kleymkovt/electronic_library/buildAgent/launcher/JavaServiceWrapperLicense.txt to /home/kleymkovt/electronic_library/buildAgent/backup/launcher/JavaServiceWrapperLicense.txt 
[2025-11-04 12:16:11,873]   INFO - ver.agent.upgrade.AgentUpgrade - ===> Upgrade agent 
[2025-11-04 12:16:11,873]  DEBUG - er.agent.upgrade.UpgradeFolder - UpgradeFolder: AgentRootFilesFolder [.] --> upgrade 
[2025-11-04 12:16:11,874]  DEBUG - buildServer.agent.LauncherUtil - Deleting /home/kleymkovt/electronic_library/buildAgent 
[2025-11-04 12:16:11,874]  DEBUG - buildServer.agent.LauncherUtil - Deleting /home/kleymkovt/electronic_library/buildAgent/tools 
[2025-11-04 12:16:11,875]  DEBUG - buildServer.agent.LauncherUtil - Skipped delete /home/kleymkovt/electronic_library/buildAgent/tools 
[2025-11-04 12:16:11,875]  DEBUG - buildServer.agent.LauncherUtil - Deleting /home/kleymkovt/electronic_library/buildAgent/system 
[2025-11-04 12:16:11,875]  DEBUG - buildServer.agent.LauncherUtil - Skipped delete /home/kleymkovt/electronic_library/buildAgent/system 
[2025-11-04 12:16:11,875]  DEBUG - buildServer.agent.LauncherUtil - Deleting /home/kleymkovt/electronic_library/buildAgent/lib 
[2025-11-04 12:16:11,875]  DEBUG - buildServer.agent.LauncherUtil - Skipped delete /home/kleymkovt/electronic_library/buildAgent/lib 
[2025-11-04 12:16:11,875]  DEBUG - buildServer.agent.LauncherUtil - Deleting /home/kleymkovt/electronic_library/buildAgent/logs 
[2025-11-04 12:16:11,875]  DEBUG - buildServer.agent.LauncherUtil - Skipped delete /home/kleymkovt/electronic_library/buildAgent/logs 
[2025-11-04 12:16:11,875]  DEBUG - buildServer.agent.LauncherUtil - Deleting /home/kleymkovt/electronic_library/buildAgent/conf 
[2025-11-04 12:16:11,875]  DEBUG - buildServer.agent.LauncherUtil - Skipped delete /home/kleymkovt/electronic_library/buildAgent/conf 
[2025-11-04 12:16:11,875]  DEBUG - buildServer.agent.LauncherUtil - Deleting /home/kleymkovt/electronic_library/buildAgent/bin 
[2025-11-04 12:16:11,875]  DEBUG - buildServer.agent.LauncherUtil - Skipped delete /home/kleymkovt/electronic_library/buildAgent/bin 
[2025-11-04 12:16:11,875]  DEBUG - buildServer.agent.LauncherUtil - Deleting /home/kleymkovt/electronic_library/buildAgent/README.md 
[2025-11-04 12:16:11,875]  DEBUG - buildServer.agent.LauncherUtil - Skipped delete /home/kleymkovt/electronic_library/buildAgent/README.md 
[2025-11-04 12:16:11,875]  DEBUG - buildServer.agent.LauncherUtil - Deleting /home/kleymkovt/electronic_library/buildAgent/BUILD_197398 
[2025-11-04 12:16:11,875]  DEBUG - buildServer.agent.LauncherUtil - Deleting /home/kleymkovt/electronic_library/buildAgent/contrib 
[2025-11-04 12:16:11,875]  DEBUG - buildServer.agent.LauncherUtil - Skipped delete /home/kleymkovt/electronic_library/buildAgent/contrib 
[2025-11-04 12:16:11,876]  DEBUG - buildServer.agent.LauncherUtil - Deleting /home/kleymkovt/electronic_library/buildAgent/temp 
[2025-11-04 12:16:11,876]  DEBUG - buildServer.agent.LauncherUtil - Skipped delete /home/kleymkovt/electronic_library/buildAgent/temp 
[2025-11-04 12:16:11,876]  DEBUG - buildServer.agent.LauncherUtil - Deleting /home/kleymkovt/electronic_library/buildAgent/backup 
[2025-11-04 12:16:11,876]  DEBUG - buildServer.agent.LauncherUtil - Skipped delete /home/kleymkovt/electronic_library/buildAgent/backup 
[2025-11-04 12:16:11,876]  DEBUG - buildServer.agent.LauncherUtil - Deleting /home/kleymkovt/electronic_library/buildAgent/work 
[2025-11-04 12:16:11,876]  DEBUG - buildServer.agent.LauncherUtil - Skipped delete /home/kleymkovt/electronic_library/buildAgent/work 
[2025-11-04 12:16:11,876]  DEBUG - buildServer.agent.LauncherUtil - Deleting /home/kleymkovt/electronic_library/buildAgent/update 
[2025-11-04 12:16:11,876]  DEBUG - buildServer.agent.LauncherUtil - Skipped delete /home/kleymkovt/electronic_library/buildAgent/update 
[2025-11-04 12:16:11,876]  DEBUG - buildServer.agent.LauncherUtil - Deleting /home/kleymkovt/electronic_library/buildAgent/plugins 
[2025-11-04 12:16:11,876]  DEBUG - buildServer.agent.LauncherUtil - Skipped delete /home/kleymkovt/electronic_library/buildAgent/plugins 
[2025-11-04 12:16:11,876]  DEBUG - buildServer.agent.LauncherUtil - Deleting /home/kleymkovt/electronic_library/buildAgent/service.properties 
[2025-11-04 12:16:11,876]  DEBUG - buildServer.agent.LauncherUtil - Skipped delete /home/kleymkovt/electronic_library/buildAgent/service.properties 
[2025-11-04 12:16:11,876]  DEBUG - buildServer.agent.LauncherUtil - Deleting /home/kleymkovt/electronic_library/buildAgent/launcher 
[2025-11-04 12:16:11,876]  DEBUG - buildServer.agent.LauncherUtil - Skipped delete /home/kleymkovt/electronic_library/buildAgent/launcher 
[2025-11-04 12:16:11,876]  DEBUG - buildServer.agent.LauncherUtil - Copy from /home/kleymkovt/electronic_library/buildAgent/update to /home/kleymkovt/electronic_library/buildAgent 
[2025-11-04 12:16:11,876]  DEBUG - buildServer.agent.LauncherUtil - Copy from /home/kleymkovt/electronic_library/buildAgent/update/lib to /home/kleymkovt/electronic_library/buildAgent/lib 
[2025-11-04 12:16:11,876]  DEBUG - buildServer.agent.LauncherUtil - Skipped copy from /home/kleymkovt/electronic_library/buildAgent/update/lib to /home/kleymkovt/electronic_library/buildAgent/lib 
[2025-11-04 12:16:11,876]  DEBUG - buildServer.agent.LauncherUtil - Copy from /home/kleymkovt/electronic_library/buildAgent/update/conf to /home/kleymkovt/electronic_library/buildAgent/conf 
[2025-11-04 12:16:11,876]  DEBUG - buildServer.agent.LauncherUtil - Skipped copy from /home/kleymkovt/electronic_library/buildAgent/update/conf to /home/kleymkovt/electronic_library/buildAgent/conf 
[2025-11-04 12:16:11,876]  DEBUG - buildServer.agent.LauncherUtil - Copy from /home/kleymkovt/electronic_library/buildAgent/update/bin to /home/kleymkovt/electronic_library/buildAgent/bin 
[2025-11-04 12:16:11,876]  DEBUG - buildServer.agent.LauncherUtil - Skipped copy from /home/kleymkovt/electronic_library/buildAgent/update/bin to /home/kleymkovt/electronic_library/buildAgent/bin 
[2025-11-04 12:16:11,876]  DEBUG - buildServer.agent.LauncherUtil - Copy from /home/kleymkovt/electronic_library/buildAgent/update/teamcity-agent.xml.move to /home/kleymkovt/electronic_library/buildAgent/teamcity-agent.xml.move 
[2025-11-04 12:16:11,876]  DEBUG - buildServer.agent.LauncherUtil - Skipped copy from /home/kleymkovt/electronic_library/buildAgent/update/teamcity-agent.xml.move to /home/kleymkovt/electronic_library/buildAgent/teamcity-agent.xml.move 
[2025-11-04 12:16:11,876]  DEBUG - buildServer.agent.LauncherUtil - Copy from /home/kleymkovt/electronic_library/buildAgent/update/README.md to /home/kleymkovt/electronic_library/buildAgent/README.md 
[2025-11-04 12:16:11,877]  DEBUG - buildServer.agent.LauncherUtil - Skipped copy from /home/kleymkovt/electronic_library/buildAgent/update/README.md to /home/kleymkovt/electronic_library/buildAgent/README.md 
[2025-11-04 12:16:11,877]  DEBUG - buildServer.agent.LauncherUtil - Copy from /home/kleymkovt/electronic_library/buildAgent/update/BUILD_197398 to /home/kleymkovt/electronic_library/buildAgent/BUILD_197398 
[2025-11-04 12:16:11,877]  DEBUG - buildServer.agent.LauncherUtil - Copy from /home/kleymkovt/electronic_library/buildAgent/update/teamcity-agent.xml to /home/kleymkovt/electronic_library/buildAgent/teamcity-agent.xml 
[2025-11-04 12:16:11,877]  DEBUG - buildServer.agent.LauncherUtil - Skipped copy from /home/kleymkovt/electronic_library/buildAgent/update/teamcity-agent.xml to /home/kleymkovt/electronic_library/buildAgent/teamcity-agent.xml 
[2025-11-04 12:16:11,877]  DEBUG - buildServer.agent.LauncherUtil - Copy from /home/kleymkovt/electronic_library/buildAgent/update/contrib to /home/kleymkovt/electronic_library/buildAgent/contrib 
[2025-11-04 12:16:11,877]  DEBUG - buildServer.agent.LauncherUtil - Skipped copy from /home/kleymkovt/electronic_library/buildAgent/update/contrib to /home/kleymkovt/electronic_library/buildAgent/contrib 
[2025-11-04 12:16:11,877]  DEBUG - buildServer.agent.LauncherUtil - Copy from /home/kleymkovt/electronic_library/buildAgent/update/plugins to /home/kleymkovt/electronic_library/buildAgent/plugins 
[2025-11-04 12:16:11,877]  DEBUG - buildServer.agent.LauncherUtil - Skipped copy from /home/kleymkovt/electronic_library/buildAgent/update/plugins to /home/kleymkovt/electronic_library/buildAgent/plugins 
[2025-11-04 12:16:11,877]  DEBUG - buildServer.agent.LauncherUtil - Copy from /home/kleymkovt/electronic_library/buildAgent/update/service.properties to /home/kleymkovt/electronic_library/buildAgent/service.properties 
[2025-11-04 12:16:11,877]  DEBUG - buildServer.agent.LauncherUtil - Skipped copy from /home/kleymkovt/electronic_library/buildAgent/update/service.properties to /home/kleymkovt/electronic_library/buildAgent/service.properties 
[2025-11-04 12:16:11,877]  DEBUG - buildServer.agent.LauncherUtil - Copy from /home/kleymkovt/electronic_library/buildAgent/update/launcher to /home/kleymkovt/electronic_library/buildAgent/launcher 
[2025-11-04 12:16:11,877]  DEBUG - buildServer.agent.LauncherUtil - Skipped copy from /home/kleymkovt/electronic_library/buildAgent/update/launcher to /home/kleymkovt/electronic_library/buildAgent/launcher 
[2025-11-04 12:16:11,877]   INFO - t.upgrade.AgentRootFilesFolder - Version file: /home/kleymkovt/electronic_library/buildAgent/update/teamcity-agent.xml 
[2025-11-04 12:16:11,877]   INFO - t.upgrade.AgentRootFilesFolder - Version file dest path: /home/kleymkovt/electronic_library/buildAgent/system/.teamcity-agent/teamcity-agent.xml 
[2025-11-04 12:16:11,877]  DEBUG - buildServer.agent.LauncherUtil - Deleting /home/kleymkovt/electronic_library/buildAgent/system/.teamcity-agent/teamcity-agent.xml 
[2025-11-04 12:16:11,877]  DEBUG - buildServer.agent.LauncherUtil - Copy from /home/kleymkovt/electronic_library/buildAgent/update/teamcity-agent.xml to /home/kleymkovt/electronic_library/buildAgent/system/.teamcity-agent/teamcity-agent.xml 
[2025-11-04 12:16:11,877]  DEBUG - er.agent.upgrade.UpgradeFolder - UpgradeFolder: FilesOnlyUpgradeFolder [bin] --> upgrade 
[2025-11-04 12:16:11,878]  DEBUG - buildServer.agent.LauncherUtil - Deleting /home/kleymkovt/electronic_library/buildAgent/bin 
[2025-11-04 12:16:11,878]  DEBUG - buildServer.agent.LauncherUtil - Deleting /home/kleymkovt/electronic_library/buildAgent/bin/findJava.bat 
[2025-11-04 12:16:11,878]  DEBUG - buildServer.agent.LauncherUtil - Deleting /home/kleymkovt/electronic_library/buildAgent/bin/changeAgentProps.bat 
[2025-11-04 12:16:11,878]  DEBUG - buildServer.agent.LauncherUtil - Deleting /home/kleymkovt/electronic_library/buildAgent/bin/mac.launchd.sh 
[2025-11-04 12:16:11,878]  DEBUG - buildServer.agent.LauncherUtil - Deleting /home/kleymkovt/electronic_library/buildAgent/bin/service.start.bat 
[2025-11-04 12:16:11,878]  DEBUG - buildServer.agent.LauncherUtil - Deleting /home/kleymkovt/electronic_library/buildAgent/bin/agent.sh 
[2025-11-04 12:16:11,878]  DEBUG - buildServer.agent.LauncherUtil - Deleting /home/kleymkovt/electronic_library/buildAgent/bin/install.sh 
[2025-11-04 12:16:11,878]  DEBUG - buildServer.agent.LauncherUtil - Deleting /home/kleymkovt/electronic_library/buildAgent/bin/uninstall.bat 
[2025-11-04 12:16:11,878]  DEBUG - buildServer.agent.LauncherUtil - Deleting /home/kleymkovt/electronic_library/buildAgent/bin/installJava.bat 
[2025-11-04 12:16:11,878]  DEBUG - buildServer.agent.LauncherUtil - Deleting /home/kleymkovt/electronic_library/buildAgent/bin/service.uninstall.bat 
[2025-11-04 12:16:11,878]  DEBUG - buildServer.agent.LauncherUtil - Deleting /home/kleymkovt/electronic_library/buildAgent/bin/install.bat 
[2025-11-04 12:16:11,878]  DEBUG - buildServer.agent.LauncherUtil - Deleting /home/kleymkovt/electronic_library/buildAgent/bin/generateNewServiceName.bat 
[2025-11-04 12:16:11,878]  DEBUG - buildServer.agent.LauncherUtil - Deleting /home/kleymkovt/electronic_library/buildAgent/bin/service.stop.bat 
[2025-11-04 12:16:11,878]  DEBUG - buildServer.agent.LauncherUtil - Deleting /home/kleymkovt/electronic_library/buildAgent/bin/jetbrains.teamcity.BuildAgent.plist 
[2025-11-04 12:16:11,878]  DEBUG - buildServer.agent.LauncherUtil - Deleting /home/kleymkovt/electronic_library/buildAgent/bin/agent.bat 
[2025-11-04 12:16:11,878]  DEBUG - buildServer.agent.LauncherUtil - Deleting /home/kleymkovt/electronic_library/buildAgent/bin/service.install.bat 
[2025-11-04 12:16:11,878]  DEBUG - buildServer.agent.LauncherUtil - Deleting /home/kleymkovt/electronic_library/buildAgent/bin/jetbrains.teamcity.BuildAgentUpgrade.plist.dist 
[2025-11-04 12:16:11,878]  DEBUG - buildServer.agent.LauncherUtil - Deleting /home/kleymkovt/electronic_library/buildAgent/bin/findJava.sh 
[2025-11-04 12:16:11,878]  DEBUG - buildServer.agent.LauncherUtil - Copy from /home/kleymkovt/electronic_library/buildAgent/update/bin to /home/kleymkovt/electronic_library/buildAgent/bin 
[2025-11-04 12:16:11,878]  DEBUG - buildServer.agent.LauncherUtil - Copy from /home/kleymkovt/electronic_library/buildAgent/update/bin/findJava.bat to /home/kleymkovt/electronic_library/buildAgent/bin/findJava.bat 
[2025-11-04 12:16:11,878]  DEBUG - buildServer.agent.LauncherUtil - Copy from /home/kleymkovt/electronic_library/buildAgent/update/bin/changeAgentProps.bat to /home/kleymkovt/electronic_library/buildAgent/bin/changeAgentProps.bat 
[2025-11-04 12:16:11,879]  DEBUG - buildServer.agent.LauncherUtil - Copy from /home/kleymkovt/electronic_library/buildAgent/update/bin/mac.launchd.sh to /home/kleymkovt/electronic_library/buildAgent/bin/mac.launchd.sh 
[2025-11-04 12:16:11,879]  DEBUG - buildServer.agent.LauncherUtil - Set executable bit for /home/kleymkovt/electronic_library/buildAgent/bin/mac.launchd.sh 
[2025-11-04 12:16:11,880]  DEBUG - buildServer.agent.LauncherUtil - Copy from /home/kleymkovt/electronic_library/buildAgent/update/bin/service.start.bat to /home/kleymkovt/electronic_library/buildAgent/bin/service.start.bat 
[2025-11-04 12:16:11,880]  DEBUG - buildServer.agent.LauncherUtil - Copy from /home/kleymkovt/electronic_library/buildAgent/update/bin/agent.sh to /home/kleymkovt/electronic_library/buildAgent/bin/agent.sh 
[2025-11-04 12:16:11,880]  DEBUG - buildServer.agent.LauncherUtil - Set executable bit for /home/kleymkovt/electronic_library/buildAgent/bin/agent.sh 
[2025-11-04 12:16:11,882]  DEBUG - buildServer.agent.LauncherUtil - Copy from /home/kleymkovt/electronic_library/buildAgent/update/bin/install.sh to /home/kleymkovt/electronic_library/buildAgent/bin/install.sh 
[2025-11-04 12:16:11,882]  DEBUG - buildServer.agent.LauncherUtil - Set executable bit for /home/kleymkovt/electronic_library/buildAgent/bin/install.sh 
[2025-11-04 12:16:11,883]  DEBUG - buildServer.agent.LauncherUtil - Copy from /home/kleymkovt/electronic_library/buildAgent/update/bin/uninstall.bat to /home/kleymkovt/electronic_library/buildAgent/bin/uninstall.bat 
[2025-11-04 12:16:11,883]  DEBUG - buildServer.agent.LauncherUtil - Copy from /home/kleymkovt/electronic_library/buildAgent/update/bin/installJava.bat to /home/kleymkovt/electronic_library/buildAgent/bin/installJava.bat 
[2025-11-04 12:16:11,883]  DEBUG - buildServer.agent.LauncherUtil - Copy from /home/kleymkovt/electronic_library/buildAgent/update/bin/service.uninstall.bat to /home/kleymkovt/electronic_library/buildAgent/bin/service.uninstall.bat 
[2025-11-04 12:16:11,883]  DEBUG - buildServer.agent.LauncherUtil - Copy from /home/kleymkovt/electronic_library/buildAgent/update/bin/install.bat to /home/kleymkovt/electronic_library/buildAgent/bin/install.bat 
[2025-11-04 12:16:11,883]  DEBUG - buildServer.agent.LauncherUtil - Copy from /home/kleymkovt/electronic_library/buildAgent/update/bin/generateNewServiceName.bat to /home/kleymkovt/electronic_library/buildAgent/bin/generateNewServiceName.bat 
[2025-11-04 12:16:11,883]  DEBUG - buildServer.agent.LauncherUtil - Copy from /home/kleymkovt/electronic_library/buildAgent/update/bin/service.stop.bat to /home/kleymkovt/electronic_library/buildAgent/bin/service.stop.bat 
[2025-11-04 12:16:11,883]  DEBUG - buildServer.agent.LauncherUtil - Copy from /home/kleymkovt/electronic_library/buildAgent/update/bin/jetbrains.teamcity.BuildAgent.plist to /home/kleymkovt/electronic_library/buildAgent/bin/jetbrains.teamcity.BuildAgent.plist 
[2025-11-04 12:16:11,884]  DEBUG - buildServer.agent.LauncherUtil - Copy from /home/kleymkovt/electronic_library/buildAgent/update/bin/agent.bat to /home/kleymkovt/electronic_library/buildAgent/bin/agent.bat 
[2025-11-04 12:16:11,884]  DEBUG - buildServer.agent.LauncherUtil - Copy from /home/kleymkovt/electronic_library/buildAgent/update/bin/service.install.bat to /home/kleymkovt/electronic_library/buildAgent/bin/service.install.bat 
[2025-11-04 12:16:11,884]  DEBUG - buildServer.agent.LauncherUtil - Copy from /home/kleymkovt/electronic_library/buildAgent/update/bin/jetbrains.teamcity.BuildAgentUpgrade.plist.dist to /home/kleymkovt/electronic_library/buildAgent/bin/jetbrains.teamcity.BuildAgentUpgrade.plist.dist 
[2025-11-04 12:16:11,884]  DEBUG - buildServer.agent.LauncherUtil - Copy from /home/kleymkovt/electronic_library/buildAgent/update/bin/findJava.sh to /home/kleymkovt/electronic_library/buildAgent/bin/findJava.sh 
[2025-11-04 12:16:11,884]  DEBUG - buildServer.agent.LauncherUtil - Set executable bit for /home/kleymkovt/electronic_library/buildAgent/bin/findJava.sh 
[2025-11-04 12:16:11,885]  DEBUG - er.agent.upgrade.UpgradeFolder - UpgradeFolder: SimpleUpgradeFolder [lib] --> upgrade 
[2025-11-04 12:16:11,885]  DEBUG - buildServer.agent.LauncherUtil - Deleting /home/kleymkovt/electronic_library/buildAgent/lib 
[2025-11-04 12:16:11,886]  DEBUG - buildServer.agent.LauncherUtil - Deleting /home/kleymkovt/electronic_library/buildAgent/lib/gson.jar 
[2025-11-04 12:16:11,886]  DEBUG - buildServer.agent.LauncherUtil - Deleting /home/kleymkovt/electronic_library/buildAgent/lib/httpclient.jar 
[2025-11-04 12:16:11,886]  DEBUG - buildServer.agent.LauncherUtil - Deleting /home/kleymkovt/electronic_library/buildAgent/lib/xz.jar 
[2025-11-04 12:16:11,886]  DEBUG - buildServer.agent.LauncherUtil - Deleting /home/kleymkovt/electronic_library/buildAgent/lib/spring-instrument.jar 
[2025-11-04 12:16:11,886]  DEBUG - buildServer.agent.LauncherUtil - Deleting /home/kleymkovt/electronic_library/buildAgent/lib/idea-settings.jar 
[2025-11-04 12:16:11,886]  DEBUG - buildServer.agent.LauncherUtil - Deleting /home/kleymkovt/electronic_library/buildAgent/lib/jackson-module-parameter-names.jar 
[2025-11-04 12:16:11,886]  DEBUG - buildServer.agent.LauncherUtil - Deleting /home/kleymkovt/electronic_library/buildAgent/lib/agent-openapi.jar 
[2025-11-04 12:16:11,886]  DEBUG - buildServer.agent.LauncherUtil - Deleting /home/kleymkovt/electronic_library/buildAgent/lib/commons-codec.jar 
[2025-11-04 12:16:11,886]  DEBUG - buildServer.agent.LauncherUtil - Deleting /home/kleymkovt/electronic_library/buildAgent/lib/nuget-utils.jar 
[2025-11-04 12:16:11,886]  DEBUG - buildServer.agent.LauncherUtil - Deleting /home/kleymkovt/electronic_library/buildAgent/lib/coverage-report.jar 
[2025-11-04 12:16:11,886]  DEBUG - buildServer.agent.LauncherUtil - Deleting /home/kleymkovt/electronic_library/buildAgent/lib/server-deployment-config.jar 
[2025-11-04 12:16:11,886]  DEBUG - buildServer.agent.LauncherUtil - Deleting /home/kleymkovt/electronic_library/buildAgent/lib/spring-beans.jar 
[2025-11-04 12:16:11,886]  DEBUG - buildServer.agent.LauncherUtil - Deleting /home/kleymkovt/electronic_library/buildAgent/lib/xmlrpc.jar 
[2025-11-04 12:16:11,886]  DEBUG - buildServer.agent.LauncherUtil - Deleting /home/kleymkovt/electronic_library/buildAgent/lib/spring-aspects.jar 
[2025-11-04 12:16:11,887]  DEBUG - buildServer.agent.LauncherUtil - Deleting /home/kleymkovt/electronic_library/buildAgent/lib/jdk-searcher.jar 
[2025-11-04 12:16:11,887]  DEBUG - buildServer.agent.LauncherUtil - Deleting /home/kleymkovt/electronic_library/buildAgent/lib/agent-deployment-dependencies.jar 
[2025-11-04 12:16:11,887]  DEBUG - buildServer.agent.LauncherUtil - Deleting /home/kleymkovt/electronic_library/buildAgent/lib/common-config.jar 
[2025-11-04 12:16:11,887]  DEBUG - buildServer.agent.LauncherUtil - Deleting /home/kleymkovt/electronic_library/buildAgent/lib/common-tools.jar 
[2025-11-04 12:16:11,887]  DEBUG - buildServer.agent.LauncherUtil - Deleting /home/kleymkovt/electronic_library/buildAgent/lib/kotlin-stdlib-jdk8.jar 
[2025-11-04 12:16:11,887]  DEBUG - buildServer.agent.LauncherUtil - Deleting /home/kleymkovt/electronic_library/buildAgent/lib/spring-scripting 
[2025-11-04 12:16:11,887]  DEBUG - buildServer.agent.LauncherUtil - Deleting /home/kleymkovt/electronic_library/buildAgent/lib/spring-scripting/spring-scripting-jruby.jar 
[2025-11-04 12:16:11,887]  DEBUG - buildServer.agent.LauncherUtil - Deleting /home/kleymkovt/electronic_library/buildAgent/lib/spring-scripting/spring-scripting-groovy.jar 
[2025-11-04 12:16:11,887]  DEBUG - buildServer.agent.LauncherUtil - Deleting /home/kleymkovt/electronic_library/buildAgent/lib/spring-scripting/spring-scripting-bsh.jar 
[2025-11-04 12:16:11,887]  DEBUG - buildServer.agent.LauncherUtil - Deleting /home/kleymkovt/electronic_library/buildAgent/lib/dependency-cache-common.jar 
[2025-11-04 12:16:11,887]  DEBUG - buildServer.agent.LauncherUtil - Deleting /home/kleymkovt/electronic_library/buildAgent/lib/jackson-module-jaxb-annotations.jar 
[2025-11-04 12:16:11,887]  DEBUG - buildServer.agent.LauncherUtil - Deleting /home/kleymkovt/electronic_library/buildAgent/lib/agent-configurator.jar 
[2025-11-04 12:16:11,887]  DEBUG - buildServer.agent.LauncherUtil - Deleting /home/kleymkovt/electronic_library/buildAgent/lib/kotlin-stdlib-jdk7.jar 
[2025-11-04 12:16:11,887]  DEBUG - buildServer.agent.LauncherUtil - Deleting /home/kleymkovt/electronic_library/buildAgent/lib/service-utils.jar 
[2025-11-04 12:16:11,887]  DEBUG - buildServer.agent.LauncherUtil - Deleting /home/kleymkovt/electronic_library/buildAgent/lib/launcher.jar 
[2025-11-04 12:16:11,887]  DEBUG - buildServer.agent.LauncherUtil - Deleting /home/kleymkovt/electronic_library/buildAgent/lib/commons-beanutils.jar 
[2025-11-04 12:16:11,887]  DEBUG - buildServer.agent.LauncherUtil - Deleting /home/kleymkovt/electronic_library/buildAgent/lib/xstream.jar 
[2025-11-04 12:16:11,887]  DEBUG - buildServer.agent.LauncherUtil - Deleting /home/kleymkovt/electronic_library/buildAgent/lib/common-vcs.jar 
[2025-11-04 12:16:11,887]  DEBUG - buildServer.agent.LauncherUtil - Deleting /home/kleymkovt/electronic_library/buildAgent/lib/launcher-api.jar 
[2025-11-04 12:16:11,887]  DEBUG - buildServer.agent.LauncherUtil - Deleting /home/kleymkovt/electronic_library/buildAgent/lib/jackson-dataformat-yaml.jar 
[2025-11-04 12:16:11,887]  DEBUG - buildServer.agent.LauncherUtil - Deleting /home/kleymkovt/electronic_library/buildAgent/lib/xpp3.jar 
[2025-11-04 12:16:11,888]  DEBUG - buildServer.agent.LauncherUtil - Deleting /home/kleymkovt/electronic_library/buildAgent/lib/woodstox-core.jar 
[2025-11-04 12:16:11,888]  DEBUG - buildServer.agent.LauncherUtil - Deleting /home/kleymkovt/electronic_library/buildAgent/lib/jackson-databind.jar 
[2025-11-04 12:16:11,888]  DEBUG - buildServer.agent.LauncherUtil - Deleting /home/kleymkovt/electronic_library/buildAgent/lib/server-logging.jar 
[2025-11-04 12:16:11,888]  DEBUG - buildServer.agent.LauncherUtil - Deleting /home/kleymkovt/electronic_library/buildAgent/lib/inspections-util.jar 
[2025-11-04 12:16:11,888]  DEBUG - buildServer.agent.LauncherUtil - Deleting /home/kleymkovt/electronic_library/buildAgent/lib/cloud-shared-core.jar 
[2025-11-04 12:16:11,888]  DEBUG - buildServer.agent.LauncherUtil - Deleting /home/kleymkovt/electronic_library/buildAgent/lib/app-wrapper.jar 
[2025-11-04 12:16:11,888]  DEBUG - buildServer.agent.LauncherUtil - Deleting /home/kleymkovt/electronic_library/buildAgent/lib/agent-core.jar 
[2025-11-04 12:16:11,888]  DEBUG - buildServer.agent.LauncherUtil - Deleting /home/kleymkovt/electronic_library/buildAgent/lib/commons-httpclient.jar 
[2025-11-04 12:16:11,888]  DEBUG - buildServer.agent.LauncherUtil - Deleting /home/kleymkovt/electronic_library/buildAgent/lib/common-jackson.jar 
[2025-11-04 12:16:11,888]  DEBUG - buildServer.agent.LauncherUtil - Deleting /home/kleymkovt/electronic_library/buildAgent/lib/duplicator-util.jar 
[2025-11-04 12:16:11,888]  DEBUG - buildServer.agent.LauncherUtil - Deleting /home/kleymkovt/electronic_library/buildAgent/lib/jackson-core.jar 
[2025-11-04 12:16:11,888]  DEBUG - buildServer.agent.LauncherUtil - Deleting /home/kleymkovt/electronic_library/buildAgent/lib/jackson-annotations.jar 
[2025-11-04 12:16:11,888]  DEBUG - buildServer.agent.LauncherUtil - Deleting /home/kleymkovt/electronic_library/buildAgent/lib/ehcache-core.jar 
[2025-11-04 12:16:11,888]  DEBUG - buildServer.agent.LauncherUtil - Deleting /home/kleymkovt/electronic_library/buildAgent/lib/patches.jar 
[2025-11-04 12:16:11,888]  DEBUG - buildServer.agent.LauncherUtil - Deleting /home/kleymkovt/electronic_library/buildAgent/lib/xercesImpl.jar 
[2025-11-04 12:16:11,889]  DEBUG - buildServer.agent.LauncherUtil - Deleting /home/kleymkovt/electronic_library/buildAgent/lib/jackson-datatype-jdk8.jar 
[2025-11-04 12:16:11,889]  DEBUG - buildServer.agent.LauncherUtil - Deleting /home/kleymkovt/electronic_library/buildAgent/lib/spring-jdbc.jar 
[2025-11-04 12:16:11,889]  DEBUG - buildServer.agent.LauncherUtil - Deleting /home/kleymkovt/electronic_library/buildAgent/lib/jackson-dataformat-xml.jar 
[2025-11-04 12:16:11,889]  DEBUG - buildServer.agent.LauncherUtil - Deleting /home/kleymkovt/electronic_library/buildAgent/lib/agentInstaller-UI.jar 
[2025-11-04 12:16:11,889]  DEBUG - buildServer.agent.LauncherUtil - Deleting /home/kleymkovt/electronic_library/buildAgent/lib/spring-tx.jar 
[2025-11-04 12:16:11,889]  DEBUG - buildServer.agent.LauncherUtil - Deleting /home/kleymkovt/electronic_library/buildAgent/lib/annotations.jar 
[2025-11-04 12:16:11,889]  DEBUG - buildServer.agent.LauncherUtil - Deleting /home/kleymkovt/electronic_library/buildAgent/lib/jdom.jar 
[2025-11-04 12:16:11,889]  DEBUG - buildServer.agent.LauncherUtil - Deleting /home/kleymkovt/electronic_library/buildAgent/lib/logging.jar 
[2025-11-04 12:16:11,889]  DEBUG - buildServer.agent.LauncherUtil - Deleting /home/kleymkovt/electronic_library/buildAgent/lib/log4j-core.jar 
[2025-11-04 12:16:11,889]  DEBUG - buildServer.agent.LauncherUtil - Deleting /home/kleymkovt/electronic_library/buildAgent/lib/log4j-1.2-api.jar 
[2025-11-04 12:16:11,889]  DEBUG - buildServer.agent.LauncherUtil - Deleting /home/kleymkovt/electronic_library/buildAgent/lib/encryption-utils.jar 
[2025-11-04 12:16:11,889]  DEBUG - buildServer.agent.LauncherUtil - Deleting /home/kleymkovt/electronic_library/buildAgent/lib/freemarker.jar 
[2025-11-04 12:16:11,889]  DEBUG - buildServer.agent.LauncherUtil - Deleting /home/kleymkovt/electronic_library/buildAgent/lib/common-runtime.jar 
[2025-11-04 12:16:11,889]  DEBUG - buildServer.agent.LauncherUtil - Deleting /home/kleymkovt/electronic_library/buildAgent/lib/agent-upgrade.jar 
[2025-11-04 12:16:11,889]  DEBUG - buildServer.agent.LauncherUtil - Deleting /home/kleymkovt/electronic_library/buildAgent/lib/plugin-model-common.jar 
[2025-11-04 12:16:11,889]  DEBUG - buildServer.agent.LauncherUtil - Deleting /home/kleymkovt/electronic_library/buildAgent/lib/messages.jar 
[2025-11-04 12:16:11,889]  DEBUG - buildServer.agent.LauncherUtil - Deleting /home/kleymkovt/electronic_library/buildAgent/lib/common-spring.jar 
[2025-11-04 12:16:11,889]  DEBUG - buildServer.agent.LauncherUtil - Deleting /home/kleymkovt/electronic_library/buildAgent/lib/agent-upgrade-common.jar 
[2025-11-04 12:16:11,889]  DEBUG - buildServer.agent.LauncherUtil - Deleting /home/kleymkovt/electronic_library/buildAgent/lib/xmlpull.jar 
[2025-11-04 12:16:11,890]  DEBUG - buildServer.agent.LauncherUtil - Deleting /home/kleymkovt/electronic_library/buildAgent/lib/commons-compress.jar 
[2025-11-04 12:16:11,890]  DEBUG - buildServer.agent.LauncherUtil - Deleting /home/kleymkovt/electronic_library/buildAgent/lib/commons-collections.jar 
[2025-11-04 12:16:11,890]  DEBUG - buildServer.agent.LauncherUtil - Deleting /home/kleymkovt/electronic_library/buildAgent/lib/agent-deployment.jar 
[2025-11-04 12:16:11,890]  DEBUG - buildServer.agent.LauncherUtil - Deleting /home/kleymkovt/electronic_library/buildAgent/lib/commons-lang3.jar 
[2025-11-04 12:16:11,890]  DEBUG - buildServer.agent.LauncherUtil - Deleting /home/kleymkovt/electronic_library/buildAgent/lib/snakeyaml.jar 
[2025-11-04 12:16:11,890]  DEBUG - buildServer.agent.LauncherUtil - Deleting /home/kleymkovt/electronic_library/buildAgent/lib/jaxen.jar 
[2025-11-04 12:16:11,890]  DEBUG - buildServer.agent.LauncherUtil - Deleting /home/kleymkovt/electronic_library/buildAgent/lib/patches-impl.jar 
[2025-11-04 12:16:11,890]  DEBUG - buildServer.agent.LauncherUtil - Deleting /home/kleymkovt/electronic_library/buildAgent/lib/commons-io.jar 
[2025-11-04 12:16:11,890]  DEBUG - buildServer.agent.LauncherUtil - Deleting /home/kleymkovt/electronic_library/buildAgent/lib/mxparser.jar 
[2025-11-04 12:16:11,890]  DEBUG - buildServer.agent.LauncherUtil - Deleting /home/kleymkovt/electronic_library/buildAgent/lib/common-impl.jar 
[2025-11-04 12:16:11,890]  DEBUG - buildServer.agent.LauncherUtil - Deleting /home/kleymkovt/electronic_library/buildAgent/lib/agent-deployment-config.jar 
[2025-11-04 12:16:11,890]  DEBUG - buildServer.agent.LauncherUtil - Deleting /home/kleymkovt/electronic_library/buildAgent/lib/log4j-slf4j-impl.jar 
[2025-11-04 12:16:11,890]  DEBUG - buildServer.agent.LauncherUtil - Deleting /home/kleymkovt/electronic_library/buildAgent/lib/httpcore.jar 
[2025-11-04 12:16:11,890]  DEBUG - buildServer.agent.LauncherUtil - Deleting /home/kleymkovt/electronic_library/buildAgent/lib/xml-rpc-wrapper.jar 
[2025-11-04 12:16:11,890]  DEBUG - buildServer.agent.LauncherUtil - Deleting /home/kleymkovt/electronic_library/buildAgent/lib/spring-context-support.jar 
[2025-11-04 12:16:11,890]  DEBUG - buildServer.agent.LauncherUtil - Deleting /home/kleymkovt/electronic_library/buildAgent/lib/kotlin-stdlib.jar 
[2025-11-04 12:16:11,890]  DEBUG - buildServer.agent.LauncherUtil - Deleting /home/kleymkovt/electronic_library/buildAgent/lib/buildAgent-updates-applying.jar 
[2025-11-04 12:16:11,890]  DEBUG - buildServer.agent.LauncherUtil - Deleting /home/kleymkovt/electronic_library/buildAgent/lib/build-version.jar 
[2025-11-04 12:16:11,890]  DEBUG - buildServer.agent.LauncherUtil - Deleting /home/kleymkovt/electronic_library/buildAgent/lib/dependency-cache-agent.jar 
[2025-11-04 12:16:11,890]  DEBUG - buildServer.agent.LauncherUtil - Deleting /home/kleymkovt/electronic_library/buildAgent/lib/slf4j-api.jar 
[2025-11-04 12:16:11,891]  DEBUG - buildServer.agent.LauncherUtil - Deleting /home/kleymkovt/electronic_library/buildAgent/lib/coverage-java-agent-common.jar 
[2025-11-04 12:16:11,891]  DEBUG - buildServer.agent.LauncherUtil - Deleting /home/kleymkovt/electronic_library/buildAgent/lib/common-graph.jar 
[2025-11-04 12:16:11,891]  DEBUG - buildServer.agent.LauncherUtil - Deleting /home/kleymkovt/electronic_library/buildAgent/lib/commons-logging.jar 
[2025-11-04 12:16:11,891]  DEBUG - buildServer.agent.LauncherUtil - Deleting /home/kleymkovt/electronic_library/buildAgent/lib/jakarta.xml.bind-api.jar 
[2025-11-04 12:16:11,891]  DEBUG - buildServer.agent.LauncherUtil - Deleting /home/kleymkovt/electronic_library/buildAgent/lib/com.github.adedayo.intellij.sdk.trove4j.jar 
[2025-11-04 12:16:11,891]  DEBUG - buildServer.agent.LauncherUtil - Deleting /home/kleymkovt/electronic_library/buildAgent/lib/oauth-integration-agent.jar 
[2025-11-04 12:16:11,891]  DEBUG - buildServer.agent.LauncherUtil - Deleting /home/kleymkovt/electronic_library/buildAgent/lib/idea-obsolete-openapi.jar 
[2025-11-04 12:16:11,891]  DEBUG - buildServer.agent.LauncherUtil - Deleting /home/kleymkovt/electronic_library/buildAgent/lib/common-step-conditions.jar 
[2025-11-04 12:16:11,891]  DEBUG - buildServer.agent.LauncherUtil - Deleting /home/kleymkovt/electronic_library/buildAgent/lib/stax2-api.jar 
[2025-11-04 12:16:11,891]  DEBUG - buildServer.agent.LauncherUtil - Deleting /home/kleymkovt/electronic_library/buildAgent/lib/spring-expression.jar 
[2025-11-04 12:16:11,891]  DEBUG - buildServer.agent.LauncherUtil - Deleting /home/kleymkovt/electronic_library/buildAgent/lib/platform-specific.jar 
[2025-11-04 12:16:11,891]  DEBUG - buildServer.agent.LauncherUtil - Deleting /home/kleymkovt/electronic_library/buildAgent/lib/connections-api-common.jar 
[2025-11-04 12:16:11,891]  DEBUG - buildServer.agent.LauncherUtil - Deleting /home/kleymkovt/electronic_library/buildAgent/lib/net.sf.trove4j.trove4j.jar 
[2025-11-04 12:16:11,891]  DEBUG - buildServer.agent.LauncherUtil - Deleting /home/kleymkovt/electronic_library/buildAgent/lib/utils.jar 
[2025-11-04 12:16:11,891]  DEBUG - buildServer.agent.LauncherUtil - Deleting /home/kleymkovt/electronic_library/buildAgent/lib/runtime-util.jar 
[2025-11-04 12:16:11,891]  DEBUG - buildServer.agent.LauncherUtil - Deleting /home/kleymkovt/electronic_library/buildAgent/lib/serviceMessages.jar 
[2025-11-04 12:16:11,891]  DEBUG - buildServer.agent.LauncherUtil - Deleting /home/kleymkovt/electronic_library/buildAgent/lib/spring-core.jar 
[2025-11-04 12:16:11,892]  DEBUG - buildServer.agent.LauncherUtil - Deleting /home/kleymkovt/electronic_library/buildAgent/lib/httpmime.jar 
[2025-11-04 12:16:11,892]  DEBUG - buildServer.agent.LauncherUtil - Deleting /home/kleymkovt/electronic_library/buildAgent/lib/xml-apis.jar 
[2025-11-04 12:16:11,892]  DEBUG - buildServer.agent.LauncherUtil - Deleting /home/kleymkovt/electronic_library/buildAgent/lib/joda-time.jar 
[2025-11-04 12:16:11,892]  DEBUG - buildServer.agent.LauncherUtil - Deleting /home/kleymkovt/electronic_library/buildAgent/lib/patches-low.jar 
[2025-11-04 12:16:11,892]  DEBUG - buildServer.agent.LauncherUtil - Deleting /home/kleymkovt/electronic_library/buildAgent/lib/agent-launcher.jar 
[2025-11-04 12:16:11,892]  DEBUG - buildServer.agent.LauncherUtil - Deleting /home/kleymkovt/electronic_library/buildAgent/lib/spring-aop.jar 
[2025-11-04 12:16:11,892]  DEBUG - buildServer.agent.LauncherUtil - Deleting /home/kleymkovt/electronic_library/buildAgent/lib/spring-context.jar 
[2025-11-04 12:16:11,892]  DEBUG - buildServer.agent.LauncherUtil - Deleting /home/kleymkovt/electronic_library/buildAgent/lib/jackson-datatype-jsr310.jar 
[2025-11-04 12:16:11,892]  DEBUG - buildServer.agent.LauncherUtil - Deleting /home/kleymkovt/electronic_library/buildAgent/lib/common.jar 
[2025-11-04 12:16:11,892]  DEBUG - buildServer.agent.LauncherUtil - Deleting /home/kleymkovt/electronic_library/buildAgent/lib/log4j-api.jar 
[2025-11-04 12:16:11,892]  DEBUG - buildServer.agent.LauncherUtil - Copy from /home/kleymkovt/electronic_library/buildAgent/update/lib to /home/kleymkovt/electronic_library/buildAgent/lib 
[2025-11-04 12:16:11,893]  DEBUG - buildServer.agent.LauncherUtil - Copy from /home/kleymkovt/electronic_library/buildAgent/update/lib/gson.jar to /home/kleymkovt/electronic_library/buildAgent/lib/gson.jar 
[2025-11-04 12:16:11,893]  DEBUG - buildServer.agent.LauncherUtil - Copy from /home/kleymkovt/electronic_library/buildAgent/update/lib/httpclient.jar to /home/kleymkovt/electronic_library/buildAgent/lib/httpclient.jar 
[2025-11-04 12:16:11,895]  DEBUG - buildServer.agent.LauncherUtil - Copy from /home/kleymkovt/electronic_library/buildAgent/update/lib/xz.jar to /home/kleymkovt/electronic_library/buildAgent/lib/xz.jar 
[2025-11-04 12:16:11,896]  DEBUG - buildServer.agent.LauncherUtil - Copy from /home/kleymkovt/electronic_library/buildAgent/update/lib/spring-instrument.jar to /home/kleymkovt/electronic_library/buildAgent/lib/spring-instrument.jar 
[2025-11-04 12:16:11,896]  DEBUG - buildServer.agent.LauncherUtil - Copy from /home/kleymkovt/electronic_library/buildAgent/update/lib/idea-settings.jar to /home/kleymkovt/electronic_library/buildAgent/lib/idea-settings.jar 
[2025-11-04 12:16:11,896]  DEBUG - buildServer.agent.LauncherUtil - Copy from /home/kleymkovt/electronic_library/buildAgent/update/lib/jackson-module-parameter-names.jar to /home/kleymkovt/electronic_library/buildAgent/lib/jackson-module-parameter-names.jar 
[2025-11-04 12:16:11,896]  DEBUG - buildServer.agent.LauncherUtil - Copy from /home/kleymkovt/electronic_library/buildAgent/update/lib/agent-openapi.jar to /home/kleymkovt/electronic_library/buildAgent/lib/agent-openapi.jar 
[2025-11-04 12:16:11,896]  DEBUG - buildServer.agent.LauncherUtil - Copy from /home/kleymkovt/electronic_library/buildAgent/update/lib/commons-codec.jar to /home/kleymkovt/electronic_library/buildAgent/lib/commons-codec.jar 
[2025-11-04 12:16:11,897]  DEBUG - buildServer.agent.LauncherUtil - Copy from /home/kleymkovt/electronic_library/buildAgent/update/lib/nuget-utils.jar to /home/kleymkovt/electronic_library/buildAgent/lib/nuget-utils.jar 
[2025-11-04 12:16:11,898]  DEBUG - buildServer.agent.LauncherUtil - Copy from /home/kleymkovt/electronic_library/buildAgent/update/lib/coverage-report.jar to /home/kleymkovt/electronic_library/buildAgent/lib/coverage-report.jar 
[2025-11-04 12:16:11,898]  DEBUG - buildServer.agent.LauncherUtil - Copy from /home/kleymkovt/electronic_library/buildAgent/update/lib/server-deployment-config.jar to /home/kleymkovt/electronic_library/buildAgent/lib/server-deployment-config.jar 
[2025-11-04 12:16:11,898]  DEBUG - buildServer.agent.LauncherUtil - Copy from /home/kleymkovt/electronic_library/buildAgent/update/lib/spring-beans.jar to /home/kleymkovt/electronic_library/buildAgent/lib/spring-beans.jar 
[2025-11-04 12:16:11,899]  DEBUG - buildServer.agent.LauncherUtil - Copy from /home/kleymkovt/electronic_library/buildAgent/update/lib/xmlrpc.jar to /home/kleymkovt/electronic_library/buildAgent/lib/xmlrpc.jar 
[2025-11-04 12:16:11,899]  DEBUG - buildServer.agent.LauncherUtil - Copy from /home/kleymkovt/electronic_library/buildAgent/update/lib/spring-aspects.jar to /home/kleymkovt/electronic_library/buildAgent/lib/spring-aspects.jar 
[2025-11-04 12:16:11,899]  DEBUG - buildServer.agent.LauncherUtil - Copy from /home/kleymkovt/electronic_library/buildAgent/update/lib/jdk-searcher.jar to /home/kleymkovt/electronic_library/buildAgent/lib/jdk-searcher.jar 
[2025-11-04 12:16:11,899]  DEBUG - buildServer.agent.LauncherUtil - Copy from /home/kleymkovt/electronic_library/buildAgent/update/lib/agent-deployment-dependencies.jar to /home/kleymkovt/electronic_library/buildAgent/lib/agent-deployment-dependencies.jar 
[2025-11-04 12:16:11,900]  DEBUG - buildServer.agent.LauncherUtil - Copy from /home/kleymkovt/electronic_library/buildAgent/update/lib/common-config.jar to /home/kleymkovt/electronic_library/buildAgent/lib/common-config.jar 
[2025-11-04 12:16:11,900]  DEBUG - buildServer.agent.LauncherUtil - Copy from /home/kleymkovt/electronic_library/buildAgent/update/lib/common-tools.jar to /home/kleymkovt/electronic_library/buildAgent/lib/common-tools.jar 
[2025-11-04 12:16:11,900]  DEBUG - buildServer.agent.LauncherUtil - Copy from /home/kleymkovt/electronic_library/buildAgent/update/lib/kotlin-stdlib-jdk8.jar to /home/kleymkovt/electronic_library/buildAgent/lib/kotlin-stdlib-jdk8.jar 
[2025-11-04 12:16:11,900]  DEBUG - buildServer.agent.LauncherUtil - Copy from /home/kleymkovt/electronic_library/buildAgent/update/lib/spring-scripting to /home/kleymkovt/electronic_library/buildAgent/lib/spring-scripting 
[2025-11-04 12:16:11,900]  DEBUG - buildServer.agent.LauncherUtil - Copy from /home/kleymkovt/electronic_library/buildAgent/update/lib/spring-scripting/spring-scripting-jruby.jar to /home/kleymkovt/electronic_library/buildAgent/lib/spring-scripting/spring-scripting-jruby.jar 
[2025-11-04 12:16:11,900]  DEBUG - buildServer.agent.LauncherUtil - Copy from /home/kleymkovt/electronic_library/buildAgent/update/lib/spring-scripting/spring-scripting-groovy.jar to /home/kleymkovt/electronic_library/buildAgent/lib/spring-scripting/spring-scripting-groovy.jar 
[2025-11-04 12:16:11,900]  DEBUG - buildServer.agent.LauncherUtil - Copy from /home/kleymkovt/electronic_library/buildAgent/update/lib/spring-scripting/spring-scripting-bsh.jar to /home/kleymkovt/electronic_library/buildAgent/lib/spring-scripting/spring-scripting-bsh.jar 
[2025-11-04 12:16:11,900]  DEBUG - buildServer.agent.LauncherUtil - Copy from /home/kleymkovt/electronic_library/buildAgent/update/lib/dependency-cache-common.jar to /home/kleymkovt/electronic_library/buildAgent/lib/dependency-cache-common.jar 
[2025-11-04 12:16:11,901]  DEBUG - buildServer.agent.LauncherUtil - Copy from /home/kleymkovt/electronic_library/buildAgent/update/lib/jackson-module-jaxb-annotations.jar to /home/kleymkovt/electronic_library/buildAgent/lib/jackson-module-jaxb-annotations.jar 
[2025-11-04 12:16:11,901]  DEBUG - buildServer.agent.LauncherUtil - Copy from /home/kleymkovt/electronic_library/buildAgent/update/lib/agent-configurator.jar to /home/kleymkovt/electronic_library/buildAgent/lib/agent-configurator.jar 
[2025-11-04 12:16:11,901]  DEBUG - buildServer.agent.LauncherUtil - Copy from /home/kleymkovt/electronic_library/buildAgent/update/lib/kotlin-stdlib-jdk7.jar to /home/kleymkovt/electronic_library/buildAgent/lib/kotlin-stdlib-jdk7.jar 
[2025-11-04 12:16:11,901]  DEBUG - buildServer.agent.LauncherUtil - Copy from /home/kleymkovt/electronic_library/buildAgent/update/lib/service-utils.jar to /home/kleymkovt/electronic_library/buildAgent/lib/service-utils.jar 
[2025-11-04 12:16:11,901]  DEBUG - buildServer.agent.LauncherUtil - Copy from /home/kleymkovt/electronic_library/buildAgent/update/lib/launcher.jar to /home/kleymkovt/electronic_library/buildAgent/lib/launcher.jar 
[2025-11-04 12:16:11,901]  DEBUG - buildServer.agent.LauncherUtil - Copy from /home/kleymkovt/electronic_library/buildAgent/update/lib/commons-beanutils.jar to /home/kleymkovt/electronic_library/buildAgent/lib/commons-beanutils.jar 
[2025-11-04 12:16:11,911]  DEBUG - buildServer.agent.LauncherUtil - Copy from /home/kleymkovt/electronic_library/buildAgent/update/lib/xstream.jar to /home/kleymkovt/electronic_library/buildAgent/lib/xstream.jar 
[2025-11-04 12:16:11,912]  DEBUG - buildServer.agent.LauncherUtil - Copy from /home/kleymkovt/electronic_library/buildAgent/update/lib/common-vcs.jar to /home/kleymkovt/electronic_library/buildAgent/lib/common-vcs.jar 
[2025-11-04 12:16:11,922]  DEBUG - buildServer.agent.LauncherUtil - Copy from /home/kleymkovt/electronic_library/buildAgent/update/lib/launcher-api.jar to /home/kleymkovt/electronic_library/buildAgent/lib/launcher-api.jar 
[2025-11-04 12:16:11,923]  DEBUG - buildServer.agent.LauncherUtil - Copy from /home/kleymkovt/electronic_library/buildAgent/update/lib/jackson-dataformat-yaml.jar to /home/kleymkovt/electronic_library/buildAgent/lib/jackson-dataformat-yaml.jar 
[2025-11-04 12:16:11,923]  DEBUG - buildServer.agent.LauncherUtil - Copy from /home/kleymkovt/electronic_library/buildAgent/update/lib/xpp3.jar to /home/kleymkovt/electronic_library/buildAgent/lib/xpp3.jar 
[2025-11-04 12:16:11,923]  DEBUG - buildServer.agent.LauncherUtil - Copy from /home/kleymkovt/electronic_library/buildAgent/update/lib/woodstox-core.jar to /home/kleymkovt/electronic_library/buildAgent/lib/woodstox-core.jar 
[2025-11-04 12:16:11,924]  DEBUG - buildServer.agent.LauncherUtil - Copy from /home/kleymkovt/electronic_library/buildAgent/update/lib/jackson-databind.jar to /home/kleymkovt/electronic_library/buildAgent/lib/jackson-databind.jar 
[2025-11-04 12:16:11,926]  DEBUG - buildServer.agent.LauncherUtil - Copy from /home/kleymkovt/electronic_library/buildAgent/update/lib/server-logging.jar to /home/kleymkovt/electronic_library/buildAgent/lib/server-logging.jar 
[2025-11-04 12:16:11,926]  DEBUG - buildServer.agent.LauncherUtil - Copy from /home/kleymkovt/electronic_library/buildAgent/update/lib/inspections-util.jar to /home/kleymkovt/electronic_library/buildAgent/lib/inspections-util.jar 
[2025-11-04 12:16:11,926]  DEBUG - buildServer.agent.LauncherUtil - Copy from /home/kleymkovt/electronic_library/buildAgent/update/lib/cloud-shared-core.jar to /home/kleymkovt/electronic_library/buildAgent/lib/cloud-shared-core.jar 
[2025-11-04 12:16:11,926]  DEBUG - buildServer.agent.LauncherUtil - Copy from /home/kleymkovt/electronic_library/buildAgent/update/lib/app-wrapper.jar to /home/kleymkovt/electronic_library/buildAgent/lib/app-wrapper.jar 
[2025-11-04 12:16:11,926]  DEBUG - buildServer.agent.LauncherUtil - Copy from /home/kleymkovt/electronic_library/buildAgent/update/lib/agent-core.jar to /home/kleymkovt/electronic_library/buildAgent/lib/agent-core.jar 
[2025-11-04 12:16:11,927]  DEBUG - buildServer.agent.LauncherUtil - Copy from /home/kleymkovt/electronic_library/buildAgent/update/lib/commons-httpclient.jar to /home/kleymkovt/electronic_library/buildAgent/lib/commons-httpclient.jar 
[2025-11-04 12:16:11,936]  DEBUG - buildServer.agent.LauncherUtil - Copy from /home/kleymkovt/electronic_library/buildAgent/update/lib/common-jackson.jar to /home/kleymkovt/electronic_library/buildAgent/lib/common-jackson.jar 
[2025-11-04 12:16:11,948]  DEBUG - buildServer.agent.LauncherUtil - Copy from /home/kleymkovt/electronic_library/buildAgent/update/lib/duplicator-util.jar to /home/kleymkovt/electronic_library/buildAgent/lib/duplicator-util.jar 
[2025-11-04 12:16:11,960]  DEBUG - buildServer.agent.LauncherUtil - Copy from /home/kleymkovt/electronic_library/buildAgent/update/lib/jackson-core.jar to /home/kleymkovt/electronic_library/buildAgent/lib/jackson-core.jar 
[2025-11-04 12:16:11,986]  DEBUG - buildServer.agent.LauncherUtil - Copy from /home/kleymkovt/electronic_library/buildAgent/update/lib/jackson-annotations.jar to /home/kleymkovt/electronic_library/buildAgent/lib/jackson-annotations.jar 
[2025-11-04 12:16:11,997]  DEBUG - buildServer.agent.LauncherUtil - Copy from /home/kleymkovt/electronic_library/buildAgent/update/lib/ehcache-core.jar to /home/kleymkovt/electronic_library/buildAgent/lib/ehcache-core.jar 
[2025-11-04 12:16:12,000]  DEBUG - buildServer.agent.LauncherUtil - Copy from /home/kleymkovt/electronic_library/buildAgent/update/lib/patches.jar to /home/kleymkovt/electronic_library/buildAgent/lib/patches.jar 
[2025-11-04 12:16:12,000]  DEBUG - buildServer.agent.LauncherUtil - Copy from /home/kleymkovt/electronic_library/buildAgent/update/lib/xercesImpl.jar to /home/kleymkovt/electronic_library/buildAgent/lib/xercesImpl.jar 
[2025-11-04 12:16:12,003]  DEBUG - buildServer.agent.LauncherUtil - Copy from /home/kleymkovt/electronic_library/buildAgent/update/lib/jackson-datatype-jdk8.jar to /home/kleymkovt/electronic_library/buildAgent/lib/jackson-datatype-jdk8.jar 
[2025-11-04 12:16:12,003]  DEBUG - buildServer.agent.LauncherUtil - Copy from /home/kleymkovt/electronic_library/buildAgent/update/lib/spring-jdbc.jar to /home/kleymkovt/electronic_library/buildAgent/lib/spring-jdbc.jar 
[2025-11-04 12:16:12,004]  DEBUG - buildServer.agent.LauncherUtil - Copy from /home/kleymkovt/electronic_library/buildAgent/update/lib/jackson-dataformat-xml.jar to /home/kleymkovt/electronic_library/buildAgent/lib/jackson-dataformat-xml.jar 
[2025-11-04 12:16:12,004]  DEBUG - buildServer.agent.LauncherUtil - Copy from /home/kleymkovt/electronic_library/buildAgent/update/lib/agentInstaller-UI.jar to /home/kleymkovt/electronic_library/buildAgent/lib/agentInstaller-UI.jar 
[2025-11-04 12:16:12,004]  DEBUG - buildServer.agent.LauncherUtil - Copy from /home/kleymkovt/electronic_library/buildAgent/update/lib/spring-tx.jar to /home/kleymkovt/electronic_library/buildAgent/lib/spring-tx.jar 
[2025-11-04 12:16:12,005]  DEBUG - buildServer.agent.LauncherUtil - Copy from /home/kleymkovt/electronic_library/buildAgent/update/lib/annotations.jar to /home/kleymkovt/electronic_library/buildAgent/lib/annotations.jar 
[2025-11-04 12:16:12,005]  DEBUG - buildServer.agent.LauncherUtil - Copy from /home/kleymkovt/electronic_library/buildAgent/update/lib/jdom.jar to /home/kleymkovt/electronic_library/buildAgent/lib/jdom.jar 
[2025-11-04 12:16:12,005]  DEBUG - buildServer.agent.LauncherUtil - Copy from /home/kleymkovt/electronic_library/buildAgent/update/lib/logging.jar to /home/kleymkovt/electronic_library/buildAgent/lib/logging.jar 
[2025-11-04 12:16:12,005]  DEBUG - buildServer.agent.LauncherUtil - Copy from /home/kleymkovt/electronic_library/buildAgent/update/lib/log4j-core.jar to /home/kleymkovt/electronic_library/buildAgent/lib/log4j-core.jar 
[2025-11-04 12:16:12,007]  DEBUG - buildServer.agent.LauncherUtil - Copy from /home/kleymkovt/electronic_library/buildAgent/update/lib/log4j-1.2-api.jar to /home/kleymkovt/electronic_library/buildAgent/lib/log4j-1.2-api.jar 
[2025-11-04 12:16:12,007]  DEBUG - buildServer.agent.LauncherUtil - Copy from /home/kleymkovt/electronic_library/buildAgent/update/lib/encryption-utils.jar to /home/kleymkovt/electronic_library/buildAgent/lib/encryption-utils.jar 
[2025-11-04 12:16:12,024]  DEBUG - buildServer.agent.LauncherUtil - Copy from /home/kleymkovt/electronic_library/buildAgent/update/lib/freemarker.jar to /home/kleymkovt/electronic_library/buildAgent/lib/freemarker.jar 
[2025-11-04 12:16:12,065]  DEBUG - buildServer.agent.LauncherUtil - Copy from /home/kleymkovt/electronic_library/buildAgent/update/lib/common-runtime.jar to /home/kleymkovt/electronic_library/buildAgent/lib/common-runtime.jar 
[2025-11-04 12:16:12,077]  DEBUG - buildServer.agent.LauncherUtil - Copy from /home/kleymkovt/electronic_library/buildAgent/update/lib/agent-upgrade.jar to /home/kleymkovt/electronic_library/buildAgent/lib/agent-upgrade.jar 
[2025-11-04 12:16:12,079]  DEBUG - buildServer.agent.LauncherUtil - Copy from /home/kleymkovt/electronic_library/buildAgent/update/lib/plugin-model-common.jar to /home/kleymkovt/electronic_library/buildAgent/lib/plugin-model-common.jar 
[2025-11-04 12:16:12,079]  DEBUG - buildServer.agent.LauncherUtil - Copy from /home/kleymkovt/electronic_library/buildAgent/update/lib/messages.jar to /home/kleymkovt/electronic_library/buildAgent/lib/messages.jar 
[2025-11-04 12:16:12,080]  DEBUG - buildServer.agent.LauncherUtil - Copy from /home/kleymkovt/electronic_library/buildAgent/update/lib/common-spring.jar to /home/kleymkovt/electronic_library/buildAgent/lib/common-spring.jar 
[2025-11-04 12:16:12,089]  DEBUG - buildServer.agent.LauncherUtil - Copy from /home/kleymkovt/electronic_library/buildAgent/update/lib/agent-upgrade-common.jar to /home/kleymkovt/electronic_library/buildAgent/lib/agent-upgrade-common.jar 
[2025-11-04 12:16:12,090]  DEBUG - buildServer.agent.LauncherUtil - Copy from /home/kleymkovt/electronic_library/buildAgent/update/lib/xmlpull.jar to /home/kleymkovt/electronic_library/buildAgent/lib/xmlpull.jar 
[2025-11-04 12:16:12,090]  DEBUG - buildServer.agent.LauncherUtil - Copy from /home/kleymkovt/electronic_library/buildAgent/update/lib/commons-compress.jar to /home/kleymkovt/electronic_library/buildAgent/lib/commons-compress.jar 
[2025-11-04 12:16:12,103]  DEBUG - buildServer.agent.LauncherUtil - Copy from /home/kleymkovt/electronic_library/buildAgent/update/lib/commons-collections.jar to /home/kleymkovt/electronic_library/buildAgent/lib/commons-collections.jar 
[2025-11-04 12:16:12,105]  DEBUG - buildServer.agent.LauncherUtil - Copy from /home/kleymkovt/electronic_library/buildAgent/update/lib/agent-deployment.jar to /home/kleymkovt/electronic_library/buildAgent/lib/agent-deployment.jar 
[2025-11-04 12:16:12,105]  DEBUG - buildServer.agent.LauncherUtil - Copy from /home/kleymkovt/electronic_library/buildAgent/update/lib/commons-lang3.jar to /home/kleymkovt/electronic_library/buildAgent/lib/commons-lang3.jar 
[2025-11-04 12:16:12,165]  DEBUG - buildServer.agent.LauncherUtil - Copy from /home/kleymkovt/electronic_library/buildAgent/update/lib/snakeyaml.jar to /home/kleymkovt/electronic_library/buildAgent/lib/snakeyaml.jar 
[2025-11-04 12:16:12,167]  DEBUG - buildServer.agent.LauncherUtil - Copy from /home/kleymkovt/electronic_library/buildAgent/update/lib/jaxen.jar to /home/kleymkovt/electronic_library/buildAgent/lib/jaxen.jar 
[2025-11-04 12:16:12,168]  DEBUG - buildServer.agent.LauncherUtil - Copy from /home/kleymkovt/electronic_library/buildAgent/update/lib/patches-impl.jar to /home/kleymkovt/electronic_library/buildAgent/lib/patches-impl.jar 
[2025-11-04 12:16:12,169]  DEBUG - buildServer.agent.LauncherUtil - Copy from /home/kleymkovt/electronic_library/buildAgent/update/lib/commons-io.jar to /home/kleymkovt/electronic_library/buildAgent/lib/commons-io.jar 
[2025-11-04 12:16:12,171]  DEBUG - buildServer.agent.LauncherUtil - Copy from /home/kleymkovt/electronic_library/buildAgent/update/lib/mxparser.jar to /home/kleymkovt/electronic_library/buildAgent/lib/mxparser.jar 
[2025-11-04 12:16:12,172]  DEBUG - buildServer.agent.LauncherUtil - Copy from /home/kleymkovt/electronic_library/buildAgent/update/lib/common-impl.jar to /home/kleymkovt/electronic_library/buildAgent/lib/common-impl.jar 
[2025-11-04 12:16:12,173]  DEBUG - buildServer.agent.LauncherUtil - Copy from /home/kleymkovt/electronic_library/buildAgent/update/lib/agent-deployment-config.jar to /home/kleymkovt/electronic_library/buildAgent/lib/agent-deployment-config.jar 
[2025-11-04 12:16:12,173]  DEBUG - buildServer.agent.LauncherUtil - Copy from /home/kleymkovt/electronic_library/buildAgent/update/lib/log4j-slf4j-impl.jar to /home/kleymkovt/electronic_library/buildAgent/lib/log4j-slf4j-impl.jar 
[2025-11-04 12:16:12,173]  DEBUG - buildServer.agent.LauncherUtil - Copy from /home/kleymkovt/electronic_library/buildAgent/update/lib/httpcore.jar to /home/kleymkovt/electronic_library/buildAgent/lib/httpcore.jar 
[2025-11-04 12:16:12,174]  DEBUG - buildServer.agent.LauncherUtil - Copy from /home/kleymkovt/electronic_library/buildAgent/update/lib/xml-rpc-wrapper.jar to /home/kleymkovt/electronic_library/buildAgent/lib/xml-rpc-wrapper.jar 
[2025-11-04 12:16:12,174]  DEBUG - buildServer.agent.LauncherUtil - Copy from /home/kleymkovt/electronic_library/buildAgent/update/lib/spring-context-support.jar to /home/kleymkovt/electronic_library/buildAgent/lib/spring-context-support.jar 
[2025-11-04 12:16:12,175]  DEBUG - buildServer.agent.LauncherUtil - Copy from /home/kleymkovt/electronic_library/buildAgent/update/lib/kotlin-stdlib.jar to /home/kleymkovt/electronic_library/buildAgent/lib/kotlin-stdlib.jar 
[2025-11-04 12:16:12,176]  DEBUG - buildServer.agent.LauncherUtil - Copy from /home/kleymkovt/electronic_library/buildAgent/update/lib/buildAgent-updates-applying.jar to /home/kleymkovt/electronic_library/buildAgent/lib/buildAgent-updates-applying.jar 
[2025-11-04 12:16:12,176]  DEBUG - buildServer.agent.LauncherUtil - Copy from /home/kleymkovt/electronic_library/buildAgent/update/lib/build-version.jar to /home/kleymkovt/electronic_library/buildAgent/lib/build-version.jar 
[2025-11-04 12:16:12,176]  DEBUG - buildServer.agent.LauncherUtil - Copy from /home/kleymkovt/electronic_library/buildAgent/update/lib/dependency-cache-agent.jar to /home/kleymkovt/electronic_library/buildAgent/lib/dependency-cache-agent.jar 
[2025-11-04 12:16:12,187]  DEBUG - buildServer.agent.LauncherUtil - Copy from /home/kleymkovt/electronic_library/buildAgent/update/lib/slf4j-api.jar to /home/kleymkovt/electronic_library/buildAgent/lib/slf4j-api.jar 
[2025-11-04 12:16:12,188]  DEBUG - buildServer.agent.LauncherUtil - Copy from /home/kleymkovt/electronic_library/buildAgent/update/lib/coverage-java-agent-common.jar to /home/kleymkovt/electronic_library/buildAgent/lib/coverage-java-agent-common.jar 
[2025-11-04 12:16:12,199]  DEBUG - buildServer.agent.LauncherUtil - Copy from /home/kleymkovt/electronic_library/buildAgent/update/lib/common-graph.jar to /home/kleymkovt/electronic_library/buildAgent/lib/common-graph.jar 
[2025-11-04 12:16:12,199]  DEBUG - buildServer.agent.LauncherUtil - Copy from /home/kleymkovt/electronic_library/buildAgent/update/lib/commons-logging.jar to /home/kleymkovt/electronic_library/buildAgent/lib/commons-logging.jar 
[2025-11-04 12:16:12,199]  DEBUG - buildServer.agent.LauncherUtil - Copy from /home/kleymkovt/electronic_library/buildAgent/update/lib/jakarta.xml.bind-api.jar to /home/kleymkovt/electronic_library/buildAgent/lib/jakarta.xml.bind-api.jar 
[2025-11-04 12:16:12,200]  DEBUG - buildServer.agent.LauncherUtil - Copy from /home/kleymkovt/electronic_library/buildAgent/update/lib/com.github.adedayo.intellij.sdk.trove4j.jar to /home/kleymkovt/electronic_library/buildAgent/lib/com.github.adedayo.intellij.sdk.trove4j.jar 
[2025-11-04 12:16:12,200]  DEBUG - buildServer.agent.LauncherUtil - Copy from /home/kleymkovt/electronic_library/buildAgent/update/lib/oauth-integration-agent.jar to /home/kleymkovt/electronic_library/buildAgent/lib/oauth-integration-agent.jar 
[2025-11-04 12:16:12,200]  DEBUG - buildServer.agent.LauncherUtil - Copy from /home/kleymkovt/electronic_library/buildAgent/update/lib/idea-obsolete-openapi.jar to /home/kleymkovt/electronic_library/buildAgent/lib/idea-obsolete-openapi.jar 
[2025-11-04 12:16:12,240]  DEBUG - buildServer.agent.LauncherUtil - Copy from /home/kleymkovt/electronic_library/buildAgent/update/lib/common-step-conditions.jar to /home/kleymkovt/electronic_library/buildAgent/lib/common-step-conditions.jar 
[2025-11-04 12:16:12,241]  DEBUG - buildServer.agent.LauncherUtil - Copy from /home/kleymkovt/electronic_library/buildAgent/update/lib/stax2-api.jar to /home/kleymkovt/electronic_library/buildAgent/lib/stax2-api.jar 
[2025-11-04 12:16:12,241]  DEBUG - buildServer.agent.LauncherUtil - Copy from /home/kleymkovt/electronic_library/buildAgent/update/lib/spring-expression.jar to /home/kleymkovt/electronic_library/buildAgent/lib/spring-expression.jar 
[2025-11-04 12:16:12,242]  DEBUG - buildServer.agent.LauncherUtil - Copy from /home/kleymkovt/electronic_library/buildAgent/update/lib/platform-specific.jar to /home/kleymkovt/electronic_library/buildAgent/lib/platform-specific.jar 
[2025-11-04 12:16:12,243]  DEBUG - buildServer.agent.LauncherUtil - Copy from /home/kleymkovt/electronic_library/buildAgent/update/lib/connections-api-common.jar to /home/kleymkovt/electronic_library/buildAgent/lib/connections-api-common.jar 
[2025-11-04 12:16:12,244]  DEBUG - buildServer.agent.LauncherUtil - Copy from /home/kleymkovt/electronic_library/buildAgent/update/lib/net.sf.trove4j.trove4j.jar to /home/kleymkovt/electronic_library/buildAgent/lib/net.sf.trove4j.trove4j.jar 
[2025-11-04 12:16:12,246]  DEBUG - buildServer.agent.LauncherUtil - Copy from /home/kleymkovt/electronic_library/buildAgent/update/lib/utils.jar to /home/kleymkovt/electronic_library/buildAgent/lib/utils.jar 
[2025-11-04 12:16:12,246]  DEBUG - buildServer.agent.LauncherUtil - Copy from /home/kleymkovt/electronic_library/buildAgent/update/lib/runtime-util.jar to /home/kleymkovt/electronic_library/buildAgent/lib/runtime-util.jar 
[2025-11-04 12:16:12,246]  DEBUG - buildServer.agent.LauncherUtil - Copy from /home/kleymkovt/electronic_library/buildAgent/update/lib/serviceMessages.jar to /home/kleymkovt/electronic_library/buildAgent/lib/serviceMessages.jar 
[2025-11-04 12:16:12,247]  DEBUG - buildServer.agent.LauncherUtil - Copy from /home/kleymkovt/electronic_library/buildAgent/update/lib/spring-core.jar to /home/kleymkovt/electronic_library/buildAgent/lib/spring-core.jar 
[2025-11-04 12:16:12,248]  DEBUG - buildServer.agent.LauncherUtil - Copy from /home/kleymkovt/electronic_library/buildAgent/update/lib/httpmime.jar to /home/kleymkovt/electronic_library/buildAgent/lib/httpmime.jar 
[2025-11-04 12:16:12,249]  DEBUG - buildServer.agent.LauncherUtil - Copy from /home/kleymkovt/electronic_library/buildAgent/update/lib/xml-apis.jar to /home/kleymkovt/electronic_library/buildAgent/lib/xml-apis.jar 
[2025-11-04 12:16:12,249]  DEBUG - buildServer.agent.LauncherUtil - Copy from /home/kleymkovt/electronic_library/buildAgent/update/lib/joda-time.jar to /home/kleymkovt/electronic_library/buildAgent/lib/joda-time.jar 
[2025-11-04 12:16:12,250]  DEBUG - buildServer.agent.LauncherUtil - Copy from /home/kleymkovt/electronic_library/buildAgent/update/lib/patches-low.jar to /home/kleymkovt/electronic_library/buildAgent/lib/patches-low.jar 
[2025-11-04 12:16:12,250]  DEBUG - buildServer.agent.LauncherUtil - Copy from /home/kleymkovt/electronic_library/buildAgent/update/lib/agent-launcher.jar to /home/kleymkovt/electronic_library/buildAgent/lib/agent-launcher.jar 
[2025-11-04 12:16:12,250]  DEBUG - buildServer.agent.LauncherUtil - Copy from /home/kleymkovt/electronic_library/buildAgent/update/lib/spring-aop.jar to /home/kleymkovt/electronic_library/buildAgent/lib/spring-aop.jar 
[2025-11-04 12:16:12,250]  DEBUG - buildServer.agent.LauncherUtil - Copy from /home/kleymkovt/electronic_library/buildAgent/update/lib/spring-context.jar to /home/kleymkovt/electronic_library/buildAgent/lib/spring-context.jar 
[2025-11-04 12:16:12,251]  DEBUG - buildServer.agent.LauncherUtil - Copy from /home/kleymkovt/electronic_library/buildAgent/update/lib/jackson-datatype-jsr310.jar to /home/kleymkovt/electronic_library/buildAgent/lib/jackson-datatype-jsr310.jar 
[2025-11-04 12:16:12,251]  DEBUG - buildServer.agent.LauncherUtil - Copy from /home/kleymkovt/electronic_library/buildAgent/update/lib/common.jar to /home/kleymkovt/electronic_library/buildAgent/lib/common.jar 
[2025-11-04 12:16:12,323]  DEBUG - buildServer.agent.LauncherUtil - Copy from /home/kleymkovt/electronic_library/buildAgent/update/lib/log4j-api.jar to /home/kleymkovt/electronic_library/buildAgent/lib/log4j-api.jar 
[2025-11-04 12:16:12,325]  DEBUG - er.agent.upgrade.UpgradeFolder - UpgradeFolder: NoBackupUpgradeFolder [plugins] --> upgrade 
[2025-11-04 12:16:12,325]  DEBUG - buildServer.agent.LauncherUtil - Deleting /home/kleymkovt/electronic_library/buildAgent/plugins 
[2025-11-04 12:16:12,335]  DEBUG - buildServer.agent.LauncherUtil - Deleting /home/kleymkovt/electronic_library/buildAgent/plugins/amazonEC2 
[2025-11-04 12:16:12,347]  DEBUG - buildServer.agent.LauncherUtil - Deleting /home/kleymkovt/electronic_library/buildAgent/plugins/amazonEC2/lib 
[2025-11-04 12:16:12,348]  DEBUG - buildServer.agent.LauncherUtil - Deleting /home/kleymkovt/electronic_library/buildAgent/plugins/amazonEC2/lib/amazon-cloud-agents-shared.jar 
[2025-11-04 12:16:12,348]  DEBUG - buildServer.agent.LauncherUtil - Deleting /home/kleymkovt/electronic_library/buildAgent/plugins/amazonEC2/lib/amazon-cloud-agents-agent.jar 
[2025-11-04 12:16:12,348]  DEBUG - buildServer.agent.LauncherUtil - Deleting /home/kleymkovt/electronic_library/buildAgent/plugins/amazonEC2/teamcity-plugin.xml 
[2025-11-04 12:16:12,349]  DEBUG - buildServer.agent.LauncherUtil - Copy from /home/kleymkovt/electronic_library/buildAgent/update/plugins to /home/kleymkovt/electronic_library/buildAgent/plugins 
[2025-11-04 12:16:12,349]  DEBUG - buildServer.agent.LauncherUtil - Copy from /home/kleymkovt/electronic_library/buildAgent/update/plugins/docker-support.zip to /home/kleymkovt/electronic_library/buildAgent/plugins/docker-support.zip 
[2025-11-04 12:16:12,358]  DEBUG - buildServer.agent.LauncherUtil - Copy from /home/kleymkovt/electronic_library/buildAgent/update/plugins/cloud-vmware-agent.zip to /home/kleymkovt/electronic_library/buildAgent/plugins/cloud-vmware-agent.zip 
[2025-11-04 12:16:12,393]  DEBUG - buildServer.agent.LauncherUtil - Copy from /home/kleymkovt/electronic_library/buildAgent/update/plugins/qodana.zip to /home/kleymkovt/electronic_library/buildAgent/plugins/qodana.zip 
[2025-11-04 12:16:12,570]  DEBUG - buildServer.agent.LauncherUtil - Copy from /home/kleymkovt/electronic_library/buildAgent/update/plugins/file-to-build-log-streaming-plugin-agent.zip to /home/kleymkovt/electronic_library/buildAgent/plugins/file-to-build-log-streaming-plugin-agent.zip 
[2025-11-04 12:16:12,659]  DEBUG - buildServer.agent.LauncherUtil - Copy from /home/kleymkovt/electronic_library/buildAgent/update/plugins/rake-runner.zip to /home/kleymkovt/electronic_library/buildAgent/plugins/rake-runner.zip 
[2025-11-04 12:16:12,695]  DEBUG - buildServer.agent.LauncherUtil - Copy from /home/kleymkovt/electronic_library/buildAgent/update/plugins/ssh-manager.zip to /home/kleymkovt/electronic_library/buildAgent/plugins/ssh-manager.zip 
[2025-11-04 12:16:12,696]  DEBUG - buildServer.agent.LauncherUtil - Copy from /home/kleymkovt/electronic_library/buildAgent/update/plugins/python-agent-197398.zip to /home/kleymkovt/electronic_library/buildAgent/plugins/python-agent-197398.zip 
[2025-11-04 12:16:12,704]  DEBUG - buildServer.agent.LauncherUtil - Copy from /home/kleymkovt/electronic_library/buildAgent/update/plugins/jvm-update.zip to /home/kleymkovt/electronic_library/buildAgent/plugins/jvm-update.zip 
[2025-11-04 12:16:12,727]  DEBUG - buildServer.agent.LauncherUtil - Copy from /home/kleymkovt/electronic_library/buildAgent/update/plugins/ant-net-tasks.zip to /home/kleymkovt/electronic_library/buildAgent/plugins/ant-net-tasks.zip 
[2025-11-04 12:16:12,753]  DEBUG - buildServer.agent.LauncherUtil - Copy from /home/kleymkovt/electronic_library/buildAgent/update/plugins/xml-report-plugin.zip to /home/kleymkovt/electronic_library/buildAgent/plugins/xml-report-plugin.zip 
[2025-11-04 12:16:12,754]  DEBUG - buildServer.agent.LauncherUtil - Copy from /home/kleymkovt/electronic_library/buildAgent/update/plugins/ant.zip to /home/kleymkovt/electronic_library/buildAgent/plugins/ant.zip 
[2025-11-04 12:16:12,811]  DEBUG - buildServer.agent.LauncherUtil - Copy from /home/kleymkovt/electronic_library/buildAgent/update/plugins/stacktracesPlugin.zip to /home/kleymkovt/electronic_library/buildAgent/plugins/stacktracesPlugin.zip 
[2025-11-04 12:16:12,873]  DEBUG - buildServer.agent.LauncherUtil - Copy from /home/kleymkovt/electronic_library/buildAgent/update/plugins/antPlugin.zip to /home/kleymkovt/electronic_library/buildAgent/plugins/antPlugin.zip 
[2025-11-04 12:16:12,897]  DEBUG - buildServer.agent.LauncherUtil - Copy from /home/kleymkovt/electronic_library/buildAgent/update/plugins/deploy-runner-agent.zip to /home/kleymkovt/electronic_library/buildAgent/plugins/deploy-runner-agent.zip 
[2025-11-04 12:16:13,124]  DEBUG - buildServer.agent.LauncherUtil - Copy from /home/kleymkovt/electronic_library/buildAgent/update/plugins/junitPlugin.zip to /home/kleymkovt/electronic_library/buildAgent/plugins/junitPlugin.zip 
[2025-11-04 12:16:13,211]  DEBUG - buildServer.agent.LauncherUtil - Copy from /home/kleymkovt/electronic_library/buildAgent/update/plugins/crashDetector.zip to /home/kleymkovt/electronic_library/buildAgent/plugins/crashDetector.zip 
[2025-11-04 12:16:13,223]  DEBUG - buildServer.agent.LauncherUtil - Copy from /home/kleymkovt/electronic_library/buildAgent/update/plugins/coveragePlugin.zip to /home/kleymkovt/electronic_library/buildAgent/plugins/coveragePlugin.zip 
[2025-11-04 12:16:13,229]  DEBUG - buildServer.agent.LauncherUtil - Copy from /home/kleymkovt/electronic_library/buildAgent/update/plugins/s3-artifact-storage-agent.zip to /home/kleymkovt/electronic_library/buildAgent/plugins/s3-artifact-storage-agent.zip 
[2025-11-04 12:16:13,451]  DEBUG - buildServer.agent.LauncherUtil - Copy from /home/kleymkovt/electronic_library/buildAgent/update/plugins/testNGPlugin.zip to /home/kleymkovt/electronic_library/buildAgent/plugins/testNGPlugin.zip 
[2025-11-04 12:16:13,543]  DEBUG - buildServer.agent.LauncherUtil - Copy from /home/kleymkovt/electronic_library/buildAgent/update/plugins/duplicatePlugin.zip to /home/kleymkovt/electronic_library/buildAgent/plugins/duplicatePlugin.zip 
[2025-11-04 12:16:13,545]  DEBUG - buildServer.agent.LauncherUtil - Copy from /home/kleymkovt/electronic_library/buildAgent/update/plugins/amazonEC2.zip to /home/kleymkovt/electronic_library/buildAgent/plugins/amazonEC2.zip 
[2025-11-04 12:16:13,546]  DEBUG - buildServer.agent.LauncherUtil - Copy from /home/kleymkovt/electronic_library/buildAgent/update/plugins/teamcity-kubernetes-plugin-agent.zip to /home/kleymkovt/electronic_library/buildAgent/plugins/teamcity-kubernetes-plugin-agent.zip 
[2025-11-04 12:16:13,683]  DEBUG - buildServer.agent.LauncherUtil - Copy from /home/kleymkovt/electronic_library/buildAgent/update/plugins/fxcop.zip to /home/kleymkovt/electronic_library/buildAgent/plugins/fxcop.zip 
[2025-11-04 12:16:13,757]  DEBUG - buildServer.agent.LauncherUtil - Copy from /home/kleymkovt/electronic_library/buildAgent/update/plugins/environment-fetcher.zip to /home/kleymkovt/electronic_library/buildAgent/plugins/environment-fetcher.zip 
[2025-11-04 12:16:13,758]  DEBUG - buildServer.agent.LauncherUtil - Copy from /home/kleymkovt/electronic_library/buildAgent/update/plugins/golang-agent.zip to /home/kleymkovt/electronic_library/buildAgent/plugins/golang-agent.zip 
[2025-11-04 12:16:13,763]  DEBUG - buildServer.agent.LauncherUtil - Copy from /home/kleymkovt/electronic_library/buildAgent/update/plugins/teamcity-parallel-tests-agent.zip to /home/kleymkovt/electronic_library/buildAgent/plugins/teamcity-parallel-tests-agent.zip 
[2025-11-04 12:16:13,786]  DEBUG - buildServer.agent.LauncherUtil - Copy from /home/kleymkovt/electronic_library/buildAgent/update/plugins/gradle-runner.zip to /home/kleymkovt/electronic_library/buildAgent/plugins/gradle-runner.zip 
[2025-11-04 12:16:13,798]  DEBUG - buildServer.agent.LauncherUtil - Copy from /home/kleymkovt/electronic_library/buildAgent/update/plugins/plugin-agent.zip to /home/kleymkovt/electronic_library/buildAgent/plugins/plugin-agent.zip 
[2025-11-04 12:16:13,820]  DEBUG - buildServer.agent.LauncherUtil - Copy from /home/kleymkovt/electronic_library/buildAgent/update/plugins/file-content-replacer.zip to /home/kleymkovt/electronic_library/buildAgent/plugins/file-content-replacer.zip 
[2025-11-04 12:16:13,833]  DEBUG - buildServer.agent.LauncherUtil - Copy from /home/kleymkovt/electronic_library/buildAgent/update/plugins/perfmon-agent.zip to /home/kleymkovt/electronic_library/buildAgent/plugins/perfmon-agent.zip 
[2025-11-04 12:16:13,915]  DEBUG - buildServer.agent.LauncherUtil - Copy from /home/kleymkovt/electronic_library/buildAgent/update/plugins/hashicorp-vault-plugin.zip to /home/kleymkovt/electronic_library/buildAgent/plugins/hashicorp-vault-plugin.zip 
[2025-11-04 12:16:14,383]  DEBUG - buildServer.agent.LauncherUtil - Copy from /home/kleymkovt/electronic_library/buildAgent/update/plugins/inspectionPlugin.zip to /home/kleymkovt/electronic_library/buildAgent/plugins/inspectionPlugin.zip 
[2025-11-04 12:16:14,393]  DEBUG - buildServer.agent.LauncherUtil - Copy from /home/kleymkovt/electronic_library/buildAgent/update/plugins/remoteAccess.zip to /home/kleymkovt/electronic_library/buildAgent/plugins/remoteAccess.zip 
[2025-11-04 12:16:14,404]  DEBUG - buildServer.agent.LauncherUtil - Copy from /home/kleymkovt/electronic_library/buildAgent/update/plugins/jetbrains.git.zip to /home/kleymkovt/electronic_library/buildAgent/plugins/jetbrains.git.zip 
[2025-11-04 12:16:14,557]  DEBUG - buildServer.agent.LauncherUtil - Copy from /home/kleymkovt/electronic_library/buildAgent/update/plugins/nodejs-agent-197398.zip to /home/kleymkovt/electronic_library/buildAgent/plugins/nodejs-agent-197398.zip 
[2025-11-04 12:16:14,593]  DEBUG - buildServer.agent.LauncherUtil - Copy from /home/kleymkovt/electronic_library/buildAgent/update/plugins/gant.zip to /home/kleymkovt/electronic_library/buildAgent/plugins/gant.zip 
[2025-11-04 12:16:14,692]  DEBUG - buildServer.agent.LauncherUtil - Copy from /home/kleymkovt/electronic_library/buildAgent/update/plugins/nuget-agent.zip to /home/kleymkovt/electronic_library/buildAgent/plugins/nuget-agent.zip 
[2025-11-04 12:16:14,810]  DEBUG - buildServer.agent.LauncherUtil - Copy from /home/kleymkovt/electronic_library/buildAgent/update/plugins/svnAgent.zip to /home/kleymkovt/electronic_library/buildAgent/plugins/svnAgent.zip 
[2025-11-04 12:16:14,920]  DEBUG - buildServer.agent.LauncherUtil - Copy from /home/kleymkovt/electronic_library/buildAgent/update/plugins/perforce-agent.zip to /home/kleymkovt/electronic_library/buildAgent/plugins/perforce-agent.zip 
[2025-11-04 12:16:14,953]  DEBUG - buildServer.agent.LauncherUtil - Copy from /home/kleymkovt/electronic_library/buildAgent/update/plugins/tfs-agent.zip to /home/kleymkovt/electronic_library/buildAgent/plugins/tfs-agent.zip 
[2025-11-04 12:16:15,151]  DEBUG - buildServer.agent.LauncherUtil - Copy from /home/kleymkovt/electronic_library/buildAgent/update/plugins/jps.zip to /home/kleymkovt/electronic_library/buildAgent/plugins/jps.zip 
[2025-11-04 12:16:15,859]  DEBUG - buildServer.agent.LauncherUtil - Copy from /home/kleymkovt/electronic_library/buildAgent/update/plugins/aws-core-agent.zip to /home/kleymkovt/electronic_library/buildAgent/plugins/aws-core-agent.zip 
[2025-11-04 12:16:16,139]  DEBUG - buildServer.agent.LauncherUtil - Copy from /home/kleymkovt/electronic_library/buildAgent/update/plugins/commandLineRunner.zip to /home/kleymkovt/electronic_library/buildAgent/plugins/commandLineRunner.zip 
[2025-11-04 12:16:16,151]  DEBUG - buildServer.agent.LauncherUtil - Copy from /home/kleymkovt/electronic_library/buildAgent/update/plugins/agentSystemInfo.zip to /home/kleymkovt/electronic_library/buildAgent/plugins/agentSystemInfo.zip 
[2025-11-04 12:16:16,161]  DEBUG - buildServer.agent.LauncherUtil - Copy from /home/kleymkovt/electronic_library/buildAgent/update/plugins/gantPlugin.zip to /home/kleymkovt/electronic_library/buildAgent/plugins/gantPlugin.zip 
[2025-11-04 12:16:16,164]  DEBUG - buildServer.agent.LauncherUtil - Copy from /home/kleymkovt/electronic_library/buildAgent/update/plugins/dotnet.zip to /home/kleymkovt/electronic_library/buildAgent/plugins/dotnet.zip 
[2025-11-04 12:16:16,239]  DEBUG - buildServer.agent.LauncherUtil - Copy from /home/kleymkovt/electronic_library/buildAgent/update/plugins/swabra.zip to /home/kleymkovt/electronic_library/buildAgent/plugins/swabra.zip 
[2025-11-04 12:16:16,309]  DEBUG - buildServer.agent.LauncherUtil - Copy from /home/kleymkovt/electronic_library/buildAgent/update/plugins/xcode-runner.zip to /home/kleymkovt/electronic_library/buildAgent/plugins/xcode-runner.zip 
[2025-11-04 12:16:16,329]  DEBUG - buildServer.agent.LauncherUtil - Copy from /home/kleymkovt/electronic_library/buildAgent/update/plugins/java-dowser.zip to /home/kleymkovt/electronic_library/buildAgent/plugins/java-dowser.zip 
[2025-11-04 12:16:16,331]  DEBUG - buildServer.agent.LauncherUtil - Copy from /home/kleymkovt/electronic_library/buildAgent/update/plugins/mavenPlugin.zip to /home/kleymkovt/electronic_library/buildAgent/plugins/mavenPlugin.zip 
[2025-11-04 12:16:16,413]  DEBUG - buildServer.agent.LauncherUtil - Copy from /home/kleymkovt/electronic_library/buildAgent/update/plugins/sbt-runner-agent.zip to /home/kleymkovt/electronic_library/buildAgent/plugins/sbt-runner-agent.zip 
[2025-11-04 12:16:16,481]  DEBUG - buildServer.agent.LauncherUtil - Copy from /home/kleymkovt/electronic_library/buildAgent/update/plugins/mercurial.zip to /home/kleymkovt/electronic_library/buildAgent/plugins/mercurial.zip 
[2025-11-04 12:16:16,511]  DEBUG - buildServer.agent.LauncherUtil - Copy from /home/kleymkovt/electronic_library/buildAgent/update/plugins/kotlin-script-runner-agent.zip to /home/kleymkovt/electronic_library/buildAgent/plugins/kotlin-script-runner-agent.zip 
[2025-11-04 12:16:16,540]  DEBUG - buildServer.agent.LauncherUtil - Copy from /home/kleymkovt/electronic_library/buildAgent/update/plugins/idea-runner.zip to /home/kleymkovt/electronic_library/buildAgent/plugins/idea-runner.zip 
[2025-11-04 12:16:16,576]  DEBUG - buildServer.agent.LauncherUtil - Copy from /home/kleymkovt/electronic_library/buildAgent/update/plugins/teamcity-agent-terminal-plugin-agent.zip to /home/kleymkovt/electronic_library/buildAgent/plugins/teamcity-agent-terminal-plugin-agent.zip 
[2025-11-04 12:16:16,650]  DEBUG - er.agent.upgrade.UpgradeFolder - UpgradeFolder: NoBackupUpgradeFolder [tools] --> upgrade 
[2025-11-04 12:16:16,650]  DEBUG - buildServer.agent.LauncherUtil - Deleting /home/kleymkovt/electronic_library/buildAgent/tools 
[2025-11-04 12:16:16,652]  DEBUG - buildServer.agent.LauncherUtil - Copy from /home/kleymkovt/electronic_library/buildAgent/update/tools to /home/kleymkovt/electronic_library/buildAgent/tools 
[2025-11-04 12:16:16,652]  DEBUG - er.agent.upgrade.UpgradeFolder - UpgradeFolder: LauncherFolder [launcher] --> upgrade 
[2025-11-04 12:16:16,652]  DEBUG - buildServer.agent.LauncherUtil - Deleting /home/kleymkovt/electronic_library/buildAgent/launcher 
[2025-11-04 12:16:16,652]  DEBUG - buildServer.agent.LauncherUtil - Deleting /home/kleymkovt/electronic_library/buildAgent/launcher/lib 
[2025-11-04 12:16:16,652]  DEBUG - buildServer.agent.LauncherUtil - Deleting /home/kleymkovt/electronic_library/buildAgent/launcher/lib/libwrapper-linux-x86-64.so 
[2025-11-04 12:16:16,653]  DEBUG - buildServer.agent.LauncherUtil - Deleting /home/kleymkovt/electronic_library/buildAgent/launcher/lib/libwrapper-solaris-sparc-32.so 
[2025-11-04 12:16:16,653]  DEBUG - buildServer.agent.LauncherUtil - Deleting /home/kleymkovt/electronic_library/buildAgent/launcher/lib/launcher.jar 
[2025-11-04 12:16:16,653]  DEBUG - buildServer.agent.LauncherUtil - Deleting /home/kleymkovt/electronic_library/buildAgent/launcher/lib/wrapper-windows-x86-64.dll 
[2025-11-04 12:16:16,654]  DEBUG - buildServer.agent.LauncherUtil - Deleting /home/kleymkovt/electronic_library/buildAgent/launcher/lib/annotations.jar 
[2025-11-04 12:16:16,654]  DEBUG - buildServer.agent.LauncherUtil - Deleting /home/kleymkovt/electronic_library/buildAgent/launcher/lib/log4j-core.jar 
[2025-11-04 12:16:16,655]  DEBUG - buildServer.agent.LauncherUtil - Deleting /home/kleymkovt/electronic_library/buildAgent/launcher/lib/log4j-1.2-api.jar 
[2025-11-04 12:16:16,655]  DEBUG - buildServer.agent.LauncherUtil - Deleting /home/kleymkovt/electronic_library/buildAgent/launcher/lib/libwrapper-macosx-universal-32.jnilib 
[2025-11-04 12:16:16,655]  DEBUG - buildServer.agent.LauncherUtil - Deleting /home/kleymkovt/electronic_library/buildAgent/launcher/lib/libwrapper-linux-ppc-64.so 
[2025-11-04 12:16:16,656]  DEBUG - buildServer.agent.LauncherUtil - Deleting /home/kleymkovt/electronic_library/buildAgent/launcher/lib/wrapper.jar 
[2025-11-04 12:16:16,656]  DEBUG - buildServer.agent.LauncherUtil - Deleting /home/kleymkovt/electronic_library/buildAgent/launcher/lib/libwrapper-solaris-x86-32.so 
[2025-11-04 12:16:16,656]  DEBUG - buildServer.agent.LauncherUtil - Deleting /home/kleymkovt/electronic_library/buildAgent/launcher/lib/buildAgent-updates-applying.jar 
[2025-11-04 12:16:16,656]  DEBUG - buildServer.agent.LauncherUtil - Deleting /home/kleymkovt/electronic_library/buildAgent/launcher/lib/libwrapper-macosx-ppc-32.jnilib 
[2025-11-04 12:16:16,656]  DEBUG - buildServer.agent.LauncherUtil - Deleting /home/kleymkovt/electronic_library/buildAgent/launcher/lib/libwrapper-solaris-sparc-64.so 
[2025-11-04 12:16:16,656]  DEBUG - buildServer.agent.LauncherUtil - Deleting /home/kleymkovt/electronic_library/buildAgent/launcher/lib/wrapper-windows-x86-32.dll 
[2025-11-04 12:16:16,656]  DEBUG - buildServer.agent.LauncherUtil - Deleting /home/kleymkovt/electronic_library/buildAgent/launcher/lib/libwrapper-linux-x86-32.so 
[2025-11-04 12:16:16,657]  DEBUG - buildServer.agent.LauncherUtil - Deleting /home/kleymkovt/electronic_library/buildAgent/launcher/lib/agent-launcher.jar 
[2025-11-04 12:16:16,657]  DEBUG - buildServer.agent.LauncherUtil - Deleting /home/kleymkovt/electronic_library/buildAgent/launcher/lib/log4j-api.jar 
[2025-11-04 12:16:16,657]  DEBUG - buildServer.agent.LauncherUtil - Deleting /home/kleymkovt/electronic_library/buildAgent/launcher/conf 
[2025-11-04 12:16:16,658]  DEBUG - buildServer.agent.LauncherUtil - Deleting /home/kleymkovt/electronic_library/buildAgent/launcher/conf/wrapper.conf 
[2025-11-04 12:16:16,658]  DEBUG - buildServer.agent.LauncherUtil - Deleting /home/kleymkovt/electronic_library/buildAgent/launcher/bin 
[2025-11-04 12:16:16,658]  DEBUG - buildServer.agent.LauncherUtil - Deleting /home/kleymkovt/electronic_library/buildAgent/launcher/bin/TeamCityAgentService-macosx-ppc-32 
[2025-11-04 12:16:16,658]  DEBUG - buildServer.agent.LauncherUtil - Deleting /home/kleymkovt/electronic_library/buildAgent/launcher/bin/TeamCityAgentService-linux-x86-64 
[2025-11-04 12:16:16,658]  DEBUG - buildServer.agent.LauncherUtil - Deleting /home/kleymkovt/electronic_library/buildAgent/launcher/bin/TeamCityAgentService-solaris-sparc-64 
[2025-11-04 12:16:16,658]  DEBUG - buildServer.agent.LauncherUtil - Deleting /home/kleymkovt/electronic_library/buildAgent/launcher/bin/TeamCityAgentService-linux-x86-32 
[2025-11-04 12:16:16,659]  DEBUG - buildServer.agent.LauncherUtil - Deleting /home/kleymkovt/electronic_library/buildAgent/launcher/bin/TeamCityAgentService-solaris-x86-32 
[2025-11-04 12:16:16,659]  DEBUG - buildServer.agent.LauncherUtil - Deleting /home/kleymkovt/electronic_library/buildAgent/launcher/bin/TeamCityAgentService-windows-x86-64.exe 
[2025-11-04 12:16:16,659]  DEBUG - buildServer.agent.LauncherUtil - Deleting /home/kleymkovt/electronic_library/buildAgent/launcher/bin/TeamCityAgentService-macosx-universal-32 
[2025-11-04 12:16:16,659]  DEBUG - buildServer.agent.LauncherUtil - Deleting /home/kleymkovt/electronic_library/buildAgent/launcher/bin/TeamCityAgentService-windows-x86-32.exe 
[2025-11-04 12:16:16,659]  DEBUG - buildServer.agent.LauncherUtil - Deleting /home/kleymkovt/electronic_library/buildAgent/launcher/bin/TeamCityAgentService-linux-ppc-64 
[2025-11-04 12:16:16,659]  DEBUG - buildServer.agent.LauncherUtil - Deleting /home/kleymkovt/electronic_library/buildAgent/launcher/bin/TeamCityAgentService-solaris-sparc-32 
[2025-11-04 12:16:16,659]  DEBUG - buildServer.agent.LauncherUtil - Deleting /home/kleymkovt/electronic_library/buildAgent/launcher/JavaServiceWrapperLicense.txt 
[2025-11-04 12:16:16,659]  DEBUG - buildServer.agent.LauncherUtil - Copy from /home/kleymkovt/electronic_library/buildAgent/update/launcher to /home/kleymkovt/electronic_library/buildAgent/launcher 
[2025-11-04 12:16:16,659]  DEBUG - buildServer.agent.LauncherUtil - Copy from /home/kleymkovt/electronic_library/buildAgent/update/launcher/lib to /home/kleymkovt/electronic_library/buildAgent/launcher/lib 
[2025-11-04 12:16:16,659]  DEBUG - buildServer.agent.LauncherUtil - Copy from /home/kleymkovt/electronic_library/buildAgent/update/launcher/lib/libwrapper-linux-x86-64.so to /home/kleymkovt/electronic_library/buildAgent/launcher/lib/libwrapper-linux-x86-64.so 
[2025-11-04 12:16:16,660]  DEBUG - buildServer.agent.LauncherUtil - Copy from /home/kleymkovt/electronic_library/buildAgent/update/launcher/lib/libwrapper-solaris-sparc-32.so to /home/kleymkovt/electronic_library/buildAgent/launcher/lib/libwrapper-solaris-sparc-32.so 
[2025-11-04 12:16:16,661]  DEBUG - buildServer.agent.LauncherUtil - Copy from /home/kleymkovt/electronic_library/buildAgent/update/launcher/lib/launcher.jar to /home/kleymkovt/electronic_library/buildAgent/launcher/lib/launcher.jar 
[2025-11-04 12:16:16,662]  DEBUG - buildServer.agent.LauncherUtil - Copy from /home/kleymkovt/electronic_library/buildAgent/update/launcher/lib/wrapper-windows-x86-64.dll to /home/kleymkovt/electronic_library/buildAgent/launcher/lib/wrapper-windows-x86-64.dll 
[2025-11-04 12:16:16,662]  DEBUG - buildServer.agent.LauncherUtil - Copy from /home/kleymkovt/electronic_library/buildAgent/update/launcher/lib/annotations.jar to /home/kleymkovt/electronic_library/buildAgent/launcher/lib/annotations.jar 
[2025-11-04 12:16:16,663]  DEBUG - buildServer.agent.LauncherUtil - Copy from /home/kleymkovt/electronic_library/buildAgent/update/launcher/lib/log4j-core.jar to /home/kleymkovt/electronic_library/buildAgent/launcher/lib/log4j-core.jar 
[2025-11-04 12:16:16,667]  DEBUG - buildServer.agent.LauncherUtil - Copy from /home/kleymkovt/electronic_library/buildAgent/update/launcher/lib/log4j-1.2-api.jar to /home/kleymkovt/electronic_library/buildAgent/launcher/lib/log4j-1.2-api.jar 
[2025-11-04 12:16:16,687]  DEBUG - buildServer.agent.LauncherUtil - Copy from /home/kleymkovt/electronic_library/buildAgent/update/launcher/lib/libwrapper-macosx-universal-32.jnilib to /home/kleymkovt/electronic_library/buildAgent/launcher/lib/libwrapper-macosx-universal-32.jnilib 
[2025-11-04 12:16:16,688]  DEBUG - buildServer.agent.LauncherUtil - Copy from /home/kleymkovt/electronic_library/buildAgent/update/launcher/lib/libwrapper-linux-ppc-64.so to /home/kleymkovt/electronic_library/buildAgent/launcher/lib/libwrapper-linux-ppc-64.so 
[2025-11-04 12:16:16,688]  DEBUG - buildServer.agent.LauncherUtil - Copy from /home/kleymkovt/electronic_library/buildAgent/update/launcher/lib/wrapper.jar to /home/kleymkovt/electronic_library/buildAgent/launcher/lib/wrapper.jar 
[2025-11-04 12:16:16,689]  DEBUG - buildServer.agent.LauncherUtil - Copy from /home/kleymkovt/electronic_library/buildAgent/update/launcher/lib/libwrapper-solaris-x86-32.so to /home/kleymkovt/electronic_library/buildAgent/launcher/lib/libwrapper-solaris-x86-32.so 
[2025-11-04 12:16:16,690]  DEBUG - buildServer.agent.LauncherUtil - Copy from /home/kleymkovt/electronic_library/buildAgent/update/launcher/lib/buildAgent-updates-applying.jar to /home/kleymkovt/electronic_library/buildAgent/launcher/lib/buildAgent-updates-applying.jar 
[2025-11-04 12:16:16,690]  DEBUG - buildServer.agent.LauncherUtil - Copy from /home/kleymkovt/electronic_library/buildAgent/update/launcher/lib/libwrapper-macosx-ppc-32.jnilib to /home/kleymkovt/electronic_library/buildAgent/launcher/lib/libwrapper-macosx-ppc-32.jnilib 
[2025-11-04 12:16:16,690]  DEBUG - buildServer.agent.LauncherUtil - Copy from /home/kleymkovt/electronic_library/buildAgent/update/launcher/lib/libwrapper-solaris-sparc-64.so to /home/kleymkovt/electronic_library/buildAgent/launcher/lib/libwrapper-solaris-sparc-64.so 
[2025-11-04 12:16:16,691]  DEBUG - buildServer.agent.LauncherUtil - Copy from /home/kleymkovt/electronic_library/buildAgent/update/launcher/lib/wrapper-windows-x86-32.dll to /home/kleymkovt/electronic_library/buildAgent/launcher/lib/wrapper-windows-x86-32.dll 
[2025-11-04 12:16:16,691]  DEBUG - buildServer.agent.LauncherUtil - Copy from /home/kleymkovt/electronic_library/buildAgent/update/launcher/lib/libwrapper-linux-x86-32.so to /home/kleymkovt/electronic_library/buildAgent/launcher/lib/libwrapper-linux-x86-32.so 
[2025-11-04 12:16:16,692]  DEBUG - buildServer.agent.LauncherUtil - Copy from /home/kleymkovt/electronic_library/buildAgent/update/launcher/lib/agent-launcher.jar to /home/kleymkovt/electronic_library/buildAgent/launcher/lib/agent-launcher.jar 
[2025-11-04 12:16:16,692]  DEBUG - buildServer.agent.LauncherUtil - Copy from /home/kleymkovt/electronic_library/buildAgent/update/launcher/lib/log4j-api.jar to /home/kleymkovt/electronic_library/buildAgent/launcher/lib/log4j-api.jar 
[2025-11-04 12:16:16,693]  DEBUG - buildServer.agent.LauncherUtil - Copy from /home/kleymkovt/electronic_library/buildAgent/update/launcher/conf to /home/kleymkovt/electronic_library/buildAgent/launcher/conf 
[2025-11-04 12:16:16,693]  DEBUG - buildServer.agent.LauncherUtil - Copy from /home/kleymkovt/electronic_library/buildAgent/update/launcher/conf/wrapper.conf to /home/kleymkovt/electronic_library/buildAgent/launcher/conf/wrapper.conf 
[2025-11-04 12:16:16,694]  DEBUG - buildServer.agent.LauncherUtil - Copy from /home/kleymkovt/electronic_library/buildAgent/update/launcher/bin to /home/kleymkovt/electronic_library/buildAgent/launcher/bin 
[2025-11-04 12:16:16,694]  DEBUG - buildServer.agent.LauncherUtil - Copy from /home/kleymkovt/electronic_library/buildAgent/update/launcher/bin/TeamCityAgentService-macosx-ppc-32 to /home/kleymkovt/electronic_library/buildAgent/launcher/bin/TeamCityAgentService-macosx-ppc-32 
[2025-11-04 12:16:16,694]  DEBUG - buildServer.agent.LauncherUtil - Copy from /home/kleymkovt/electronic_library/buildAgent/update/launcher/bin/TeamCityAgentService-linux-x86-64 to /home/kleymkovt/electronic_library/buildAgent/launcher/bin/TeamCityAgentService-linux-x86-64 
[2025-11-04 12:16:16,695]  DEBUG - buildServer.agent.LauncherUtil - Copy from /home/kleymkovt/electronic_library/buildAgent/update/launcher/bin/TeamCityAgentService-solaris-sparc-64 to /home/kleymkovt/electronic_library/buildAgent/launcher/bin/TeamCityAgentService-solaris-sparc-64 
[2025-11-04 12:16:16,696]  DEBUG - buildServer.agent.LauncherUtil - Copy from /home/kleymkovt/electronic_library/buildAgent/update/launcher/bin/TeamCityAgentService-linux-x86-32 to /home/kleymkovt/electronic_library/buildAgent/launcher/bin/TeamCityAgentService-linux-x86-32 
[2025-11-04 12:16:16,696]  DEBUG - buildServer.agent.LauncherUtil - Copy from /home/kleymkovt/electronic_library/buildAgent/update/launcher/bin/TeamCityAgentService-solaris-x86-32 to /home/kleymkovt/electronic_library/buildAgent/launcher/bin/TeamCityAgentService-solaris-x86-32 
[2025-11-04 12:16:16,697]  DEBUG - buildServer.agent.LauncherUtil - Copy from /home/kleymkovt/electronic_library/buildAgent/update/launcher/bin/TeamCityAgentService-windows-x86-64.exe to /home/kleymkovt/electronic_library/buildAgent/launcher/bin/TeamCityAgentService-windows-x86-64.exe 
[2025-11-04 12:16:16,699]  DEBUG - buildServer.agent.LauncherUtil - Copy from /home/kleymkovt/electronic_library/buildAgent/update/launcher/bin/TeamCityAgentService-macosx-universal-32 to /home/kleymkovt/electronic_library/buildAgent/launcher/bin/TeamCityAgentService-macosx-universal-32 
[2025-11-04 12:16:16,700]  DEBUG - buildServer.agent.LauncherUtil - Copy from /home/kleymkovt/electronic_library/buildAgent/update/launcher/bin/TeamCityAgentService-windows-x86-32.exe to /home/kleymkovt/electronic_library/buildAgent/launcher/bin/TeamCityAgentService-windows-x86-32.exe 
[2025-11-04 12:16:16,730]  DEBUG - buildServer.agent.LauncherUtil - Copy from /home/kleymkovt/electronic_library/buildAgent/update/launcher/bin/TeamCityAgentService-linux-ppc-64 to /home/kleymkovt/electronic_library/buildAgent/launcher/bin/TeamCityAgentService-linux-ppc-64 
[2025-11-04 12:16:16,732]  DEBUG - buildServer.agent.LauncherUtil - Copy from /home/kleymkovt/electronic_library/buildAgent/update/launcher/bin/TeamCityAgentService-solaris-sparc-32 to /home/kleymkovt/electronic_library/buildAgent/launcher/bin/TeamCityAgentService-solaris-sparc-32 
[2025-11-04 12:16:16,734]  DEBUG - buildServer.agent.LauncherUtil - Copy from /home/kleymkovt/electronic_library/buildAgent/update/launcher/JavaServiceWrapperLicense.txt to /home/kleymkovt/electronic_library/buildAgent/launcher/JavaServiceWrapperLicense.txt 
[2025-11-04 12:16:16,734]   INFO - r.agent.upgrade.LauncherFolder - File /home/kleymkovt/electronic_library/buildAgent/launcher/conf/wrapper.conf exists. 
[2025-11-04 12:16:16,735]   INFO - r.agent.upgrade.LauncherFolder - File /home/kleymkovt/electronic_library/buildAgent/backup/launcher/conf/wrapper.conf exists. 
[2025-11-04 12:16:16,735]   INFO - r.agent.upgrade.LauncherFolder - Move file /home/kleymkovt/electronic_library/buildAgent/launcher/conf/wrapper.conf to /home/kleymkovt/electronic_library/buildAgent/launcher/conf/wrapper.conf.template 
[2025-11-04 12:16:16,735]  DEBUG - buildServer.agent.LauncherUtil - Copy from /home/kleymkovt/electronic_library/buildAgent/backup/launcher/conf/wrapper.conf to /home/kleymkovt/electronic_library/buildAgent/launcher/conf/wrapper.conf 
[2025-11-04 12:16:16,735]  DEBUG - buildServer.agent.LauncherUtil - Deleting /home/kleymkovt/electronic_library/buildAgent/backup 
[2025-11-04 12:16:16,736]  DEBUG - buildServer.agent.LauncherUtil - Deleting /home/kleymkovt/electronic_library/buildAgent/backup/lib 
[2025-11-04 12:16:16,736]  DEBUG - buildServer.agent.LauncherUtil - Deleting /home/kleymkovt/electronic_library/buildAgent/backup/lib/gson.jar 
[2025-11-04 12:16:16,736]  DEBUG - buildServer.agent.LauncherUtil - Deleting /home/kleymkovt/electronic_library/buildAgent/backup/lib/httpclient.jar 
[2025-11-04 12:16:16,736]  DEBUG - buildServer.agent.LauncherUtil - Deleting /home/kleymkovt/electronic_library/buildAgent/backup/lib/xz.jar 
[2025-11-04 12:16:16,736]  DEBUG - buildServer.agent.LauncherUtil - Deleting /home/kleymkovt/electronic_library/buildAgent/backup/lib/spring-instrument.jar 
[2025-11-04 12:16:16,736]  DEBUG - buildServer.agent.LauncherUtil - Deleting /home/kleymkovt/electronic_library/buildAgent/backup/lib/idea-settings.jar 
[2025-11-04 12:16:16,736]  DEBUG - buildServer.agent.LauncherUtil - Deleting /home/kleymkovt/electronic_library/buildAgent/backup/lib/jackson-module-parameter-names.jar 
[2025-11-04 12:16:16,736]  DEBUG - buildServer.agent.LauncherUtil - Deleting /home/kleymkovt/electronic_library/buildAgent/backup/lib/agent-openapi.jar 
[2025-11-04 12:16:16,736]  DEBUG - buildServer.agent.LauncherUtil - Deleting /home/kleymkovt/electronic_library/buildAgent/backup/lib/commons-codec.jar 
[2025-11-04 12:16:16,736]  DEBUG - buildServer.agent.LauncherUtil - Deleting /home/kleymkovt/electronic_library/buildAgent/backup/lib/nuget-utils.jar 
[2025-11-04 12:16:16,736]  DEBUG - buildServer.agent.LauncherUtil - Deleting /home/kleymkovt/electronic_library/buildAgent/backup/lib/coverage-report.jar 
[2025-11-04 12:16:16,737]  DEBUG - buildServer.agent.LauncherUtil - Deleting /home/kleymkovt/electronic_library/buildAgent/backup/lib/server-deployment-config.jar 
[2025-11-04 12:16:16,737]  DEBUG - buildServer.agent.LauncherUtil - Deleting /home/kleymkovt/electronic_library/buildAgent/backup/lib/spring-beans.jar 
[2025-11-04 12:16:16,737]  DEBUG - buildServer.agent.LauncherUtil - Deleting /home/kleymkovt/electronic_library/buildAgent/backup/lib/xmlrpc.jar 
[2025-11-04 12:16:16,737]  DEBUG - buildServer.agent.LauncherUtil - Deleting /home/kleymkovt/electronic_library/buildAgent/backup/lib/spring-aspects.jar 
[2025-11-04 12:16:16,737]  DEBUG - buildServer.agent.LauncherUtil - Deleting /home/kleymkovt/electronic_library/buildAgent/backup/lib/jdk-searcher.jar 
[2025-11-04 12:16:16,737]  DEBUG - buildServer.agent.LauncherUtil - Deleting /home/kleymkovt/electronic_library/buildAgent/backup/lib/agent-deployment-dependencies.jar 
[2025-11-04 12:16:16,737]  DEBUG - buildServer.agent.LauncherUtil - Deleting /home/kleymkovt/electronic_library/buildAgent/backup/lib/common-config.jar 
[2025-11-04 12:16:16,737]  DEBUG - buildServer.agent.LauncherUtil - Deleting /home/kleymkovt/electronic_library/buildAgent/backup/lib/common-tools.jar 
[2025-11-04 12:16:16,737]  DEBUG - buildServer.agent.LauncherUtil - Deleting /home/kleymkovt/electronic_library/buildAgent/backup/lib/kotlin-stdlib-jdk8.jar 
[2025-11-04 12:16:16,737]  DEBUG - buildServer.agent.LauncherUtil - Deleting /home/kleymkovt/electronic_library/buildAgent/backup/lib/spring-scripting 
[2025-11-04 12:16:16,737]  DEBUG - buildServer.agent.LauncherUtil - Deleting /home/kleymkovt/electronic_library/buildAgent/backup/lib/spring-scripting/spring-scripting-jruby.jar 
[2025-11-04 12:16:16,737]  DEBUG - buildServer.agent.LauncherUtil - Deleting /home/kleymkovt/electronic_library/buildAgent/backup/lib/spring-scripting/spring-scripting-groovy.jar 
[2025-11-04 12:16:16,737]  DEBUG - buildServer.agent.LauncherUtil - Deleting /home/kleymkovt/electronic_library/buildAgent/backup/lib/spring-scripting/spring-scripting-bsh.jar 
[2025-11-04 12:16:16,737]  DEBUG - buildServer.agent.LauncherUtil - Deleting /home/kleymkovt/electronic_library/buildAgent/backup/lib/dependency-cache-common.jar 
[2025-11-04 12:16:16,738]  DEBUG - buildServer.agent.LauncherUtil - Deleting /home/kleymkovt/electronic_library/buildAgent/backup/lib/jackson-module-jaxb-annotations.jar 
[2025-11-04 12:16:16,738]  DEBUG - buildServer.agent.LauncherUtil - Deleting /home/kleymkovt/electronic_library/buildAgent/backup/lib/agent-configurator.jar 
[2025-11-04 12:16:16,738]  DEBUG - buildServer.agent.LauncherUtil - Deleting /home/kleymkovt/electronic_library/buildAgent/backup/lib/kotlin-stdlib-jdk7.jar 
[2025-11-04 12:16:16,738]  DEBUG - buildServer.agent.LauncherUtil - Deleting /home/kleymkovt/electronic_library/buildAgent/backup/lib/service-utils.jar 
[2025-11-04 12:16:16,738]  DEBUG - buildServer.agent.LauncherUtil - Deleting /home/kleymkovt/electronic_library/buildAgent/backup/lib/launcher.jar 
[2025-11-04 12:16:16,738]  DEBUG - buildServer.agent.LauncherUtil - Deleting /home/kleymkovt/electronic_library/buildAgent/backup/lib/commons-beanutils.jar 
[2025-11-04 12:16:16,738]  DEBUG - buildServer.agent.LauncherUtil - Deleting /home/kleymkovt/electronic_library/buildAgent/backup/lib/xstream.jar 
[2025-11-04 12:16:16,738]  DEBUG - buildServer.agent.LauncherUtil - Deleting /home/kleymkovt/electronic_library/buildAgent/backup/lib/common-vcs.jar 
[2025-11-04 12:16:16,738]  DEBUG - buildServer.agent.LauncherUtil - Deleting /home/kleymkovt/electronic_library/buildAgent/backup/lib/launcher-api.jar 
[2025-11-04 12:16:16,738]  DEBUG - buildServer.agent.LauncherUtil - Deleting /home/kleymkovt/electronic_library/buildAgent/backup/lib/jackson-dataformat-yaml.jar 
[2025-11-04 12:16:16,738]  DEBUG - buildServer.agent.LauncherUtil - Deleting /home/kleymkovt/electronic_library/buildAgent/backup/lib/xpp3.jar 
[2025-11-04 12:16:16,738]  DEBUG - buildServer.agent.LauncherUtil - Deleting /home/kleymkovt/electronic_library/buildAgent/backup/lib/woodstox-core.jar 
[2025-11-04 12:16:16,738]  DEBUG - buildServer.agent.LauncherUtil - Deleting /home/kleymkovt/electronic_library/buildAgent/backup/lib/jackson-databind.jar 
[2025-11-04 12:16:16,738]  DEBUG - buildServer.agent.LauncherUtil - Deleting /home/kleymkovt/electronic_library/buildAgent/backup/lib/server-logging.jar 
[2025-11-04 12:16:16,738]  DEBUG - buildServer.agent.LauncherUtil - Deleting /home/kleymkovt/electronic_library/buildAgent/backup/lib/inspections-util.jar 
[2025-11-04 12:16:16,738]  DEBUG - buildServer.agent.LauncherUtil - Deleting /home/kleymkovt/electronic_library/buildAgent/backup/lib/cloud-shared-core.jar 
[2025-11-04 12:16:16,738]  DEBUG - buildServer.agent.LauncherUtil - Deleting /home/kleymkovt/electronic_library/buildAgent/backup/lib/app-wrapper.jar 
[2025-11-04 12:16:16,738]  DEBUG - buildServer.agent.LauncherUtil - Deleting /home/kleymkovt/electronic_library/buildAgent/backup/lib/agent-core.jar 
[2025-11-04 12:16:16,738]  DEBUG - buildServer.agent.LauncherUtil - Deleting /home/kleymkovt/electronic_library/buildAgent/backup/lib/commons-httpclient.jar 
[2025-11-04 12:16:16,738]  DEBUG - buildServer.agent.LauncherUtil - Deleting /home/kleymkovt/electronic_library/buildAgent/backup/lib/common-jackson.jar 
[2025-11-04 12:16:16,739]  DEBUG - buildServer.agent.LauncherUtil - Deleting /home/kleymkovt/electronic_library/buildAgent/backup/lib/duplicator-util.jar 
[2025-11-04 12:16:16,739]  DEBUG - buildServer.agent.LauncherUtil - Deleting /home/kleymkovt/electronic_library/buildAgent/backup/lib/jackson-core.jar 
[2025-11-04 12:16:16,739]  DEBUG - buildServer.agent.LauncherUtil - Deleting /home/kleymkovt/electronic_library/buildAgent/backup/lib/jackson-annotations.jar 
[2025-11-04 12:16:16,739]  DEBUG - buildServer.agent.LauncherUtil - Deleting /home/kleymkovt/electronic_library/buildAgent/backup/lib/ehcache-core.jar 
[2025-11-04 12:16:16,739]  DEBUG - buildServer.agent.LauncherUtil - Deleting /home/kleymkovt/electronic_library/buildAgent/backup/lib/patches.jar 
[2025-11-04 12:16:16,739]  DEBUG - buildServer.agent.LauncherUtil - Deleting /home/kleymkovt/electronic_library/buildAgent/backup/lib/xercesImpl.jar 
[2025-11-04 12:16:16,739]  DEBUG - buildServer.agent.LauncherUtil - Deleting /home/kleymkovt/electronic_library/buildAgent/backup/lib/jackson-datatype-jdk8.jar 
[2025-11-04 12:16:16,739]  DEBUG - buildServer.agent.LauncherUtil - Deleting /home/kleymkovt/electronic_library/buildAgent/backup/lib/spring-jdbc.jar 
[2025-11-04 12:16:16,739]  DEBUG - buildServer.agent.LauncherUtil - Deleting /home/kleymkovt/electronic_library/buildAgent/backup/lib/jackson-dataformat-xml.jar 
[2025-11-04 12:16:16,739]  DEBUG - buildServer.agent.LauncherUtil - Deleting /home/kleymkovt/electronic_library/buildAgent/backup/lib/agentInstaller-UI.jar 
[2025-11-04 12:16:16,739]  DEBUG - buildServer.agent.LauncherUtil - Deleting /home/kleymkovt/electronic_library/buildAgent/backup/lib/spring-tx.jar 
[2025-11-04 12:16:16,739]  DEBUG - buildServer.agent.LauncherUtil - Deleting /home/kleymkovt/electronic_library/buildAgent/backup/lib/annotations.jar 
[2025-11-04 12:16:16,739]  DEBUG - buildServer.agent.LauncherUtil - Deleting /home/kleymkovt/electronic_library/buildAgent/backup/lib/jdom.jar 
[2025-11-04 12:16:16,739]  DEBUG - buildServer.agent.LauncherUtil - Deleting /home/kleymkovt/electronic_library/buildAgent/backup/lib/logging.jar 
[2025-11-04 12:16:16,739]  DEBUG - buildServer.agent.LauncherUtil - Deleting /home/kleymkovt/electronic_library/buildAgent/backup/lib/log4j-core.jar 
[2025-11-04 12:16:16,740]  DEBUG - buildServer.agent.LauncherUtil - Deleting /home/kleymkovt/electronic_library/buildAgent/backup/lib/log4j-1.2-api.jar 
[2025-11-04 12:16:16,740]  DEBUG - buildServer.agent.LauncherUtil - Deleting /home/kleymkovt/electronic_library/buildAgent/backup/lib/encryption-utils.jar 
[2025-11-04 12:16:16,740]  DEBUG - buildServer.agent.LauncherUtil - Deleting /home/kleymkovt/electronic_library/buildAgent/backup/lib/freemarker.jar 
[2025-11-04 12:16:16,740]  DEBUG - buildServer.agent.LauncherUtil - Deleting /home/kleymkovt/electronic_library/buildAgent/backup/lib/common-runtime.jar 
[2025-11-04 12:16:16,740]  DEBUG - buildServer.agent.LauncherUtil - Deleting /home/kleymkovt/electronic_library/buildAgent/backup/lib/agent-upgrade.jar 
[2025-11-04 12:16:16,740]  DEBUG - buildServer.agent.LauncherUtil - Deleting /home/kleymkovt/electronic_library/buildAgent/backup/lib/plugin-model-common.jar 
[2025-11-04 12:16:16,740]  DEBUG - buildServer.agent.LauncherUtil - Deleting /home/kleymkovt/electronic_library/buildAgent/backup/lib/messages.jar 
[2025-11-04 12:16:16,740]  DEBUG - buildServer.agent.LauncherUtil - Deleting /home/kleymkovt/electronic_library/buildAgent/backup/lib/common-spring.jar 
[2025-11-04 12:16:16,740]  DEBUG - buildServer.agent.LauncherUtil - Deleting /home/kleymkovt/electronic_library/buildAgent/backup/lib/agent-upgrade-common.jar 
[2025-11-04 12:16:16,740]  DEBUG - buildServer.agent.LauncherUtil - Deleting /home/kleymkovt/electronic_library/buildAgent/backup/lib/xmlpull.jar 
[2025-11-04 12:16:16,740]  DEBUG - buildServer.agent.LauncherUtil - Deleting /home/kleymkovt/electronic_library/buildAgent/backup/lib/commons-compress.jar 
[2025-11-04 12:16:16,740]  DEBUG - buildServer.agent.LauncherUtil - Deleting /home/kleymkovt/electronic_library/buildAgent/backup/lib/commons-collections.jar 
[2025-11-04 12:16:16,740]  DEBUG - buildServer.agent.LauncherUtil - Deleting /home/kleymkovt/electronic_library/buildAgent/backup/lib/agent-deployment.jar 
[2025-11-04 12:16:16,740]  DEBUG - buildServer.agent.LauncherUtil - Deleting /home/kleymkovt/electronic_library/buildAgent/backup/lib/commons-lang3.jar 
[2025-11-04 12:16:16,740]  DEBUG - buildServer.agent.LauncherUtil - Deleting /home/kleymkovt/electronic_library/buildAgent/backup/lib/snakeyaml.jar 
[2025-11-04 12:16:16,740]  DEBUG - buildServer.agent.LauncherUtil - Deleting /home/kleymkovt/electronic_library/buildAgent/backup/lib/jaxen.jar 
[2025-11-04 12:16:16,740]  DEBUG - buildServer.agent.LauncherUtil - Deleting /home/kleymkovt/electronic_library/buildAgent/backup/lib/patches-impl.jar 
[2025-11-04 12:16:16,740]  DEBUG - buildServer.agent.LauncherUtil - Deleting /home/kleymkovt/electronic_library/buildAgent/backup/lib/commons-io.jar 
[2025-11-04 12:16:16,740]  DEBUG - buildServer.agent.LauncherUtil - Deleting /home/kleymkovt/electronic_library/buildAgent/backup/lib/mxparser.jar 
[2025-11-04 12:16:16,740]  DEBUG - buildServer.agent.LauncherUtil - Deleting /home/kleymkovt/electronic_library/buildAgent/backup/lib/common-impl.jar 
[2025-11-04 12:16:16,740]  DEBUG - buildServer.agent.LauncherUtil - Deleting /home/kleymkovt/electronic_library/buildAgent/backup/lib/agent-deployment-config.jar 
[2025-11-04 12:16:16,740]  DEBUG - buildServer.agent.LauncherUtil - Deleting /home/kleymkovt/electronic_library/buildAgent/backup/lib/log4j-slf4j-impl.jar 
[2025-11-04 12:16:16,740]  DEBUG - buildServer.agent.LauncherUtil - Deleting /home/kleymkovt/electronic_library/buildAgent/backup/lib/httpcore.jar 
[2025-11-04 12:16:16,741]  DEBUG - buildServer.agent.LauncherUtil - Deleting /home/kleymkovt/electronic_library/buildAgent/backup/lib/xml-rpc-wrapper.jar 
[2025-11-04 12:16:16,741]  DEBUG - buildServer.agent.LauncherUtil - Deleting /home/kleymkovt/electronic_library/buildAgent/backup/lib/spring-context-support.jar 
[2025-11-04 12:16:16,741]  DEBUG - buildServer.agent.LauncherUtil - Deleting /home/kleymkovt/electronic_library/buildAgent/backup/lib/kotlin-stdlib.jar 
[2025-11-04 12:16:16,741]  DEBUG - buildServer.agent.LauncherUtil - Deleting /home/kleymkovt/electronic_library/buildAgent/backup/lib/buildAgent-updates-applying.jar 
[2025-11-04 12:16:16,741]  DEBUG - buildServer.agent.LauncherUtil - Deleting /home/kleymkovt/electronic_library/buildAgent/backup/lib/build-version.jar 
[2025-11-04 12:16:16,741]  DEBUG - buildServer.agent.LauncherUtil - Deleting /home/kleymkovt/electronic_library/buildAgent/backup/lib/dependency-cache-agent.jar 
[2025-11-04 12:16:16,741]  DEBUG - buildServer.agent.LauncherUtil - Deleting /home/kleymkovt/electronic_library/buildAgent/backup/lib/slf4j-api.jar 
[2025-11-04 12:16:16,741]  DEBUG - buildServer.agent.LauncherUtil - Deleting /home/kleymkovt/electronic_library/buildAgent/backup/lib/coverage-java-agent-common.jar 
[2025-11-04 12:16:16,741]  DEBUG - buildServer.agent.LauncherUtil - Deleting /home/kleymkovt/electronic_library/buildAgent/backup/lib/common-graph.jar 
[2025-11-04 12:16:16,741]  DEBUG - buildServer.agent.LauncherUtil - Deleting /home/kleymkovt/electronic_library/buildAgent/backup/lib/commons-logging.jar 
[2025-11-04 12:16:16,741]  DEBUG - buildServer.agent.LauncherUtil - Deleting /home/kleymkovt/electronic_library/buildAgent/backup/lib/jakarta.xml.bind-api.jar 
[2025-11-04 12:16:16,741]  DEBUG - buildServer.agent.LauncherUtil - Deleting /home/kleymkovt/electronic_library/buildAgent/backup/lib/com.github.adedayo.intellij.sdk.trove4j.jar 
[2025-11-04 12:16:16,741]  DEBUG - buildServer.agent.LauncherUtil - Deleting /home/kleymkovt/electronic_library/buildAgent/backup/lib/oauth-integration-agent.jar 
[2025-11-04 12:16:16,741]  DEBUG - buildServer.agent.LauncherUtil - Deleting /home/kleymkovt/electronic_library/buildAgent/backup/lib/idea-obsolete-openapi.jar 
[2025-11-04 12:16:16,741]  DEBUG - buildServer.agent.LauncherUtil - Deleting /home/kleymkovt/electronic_library/buildAgent/backup/lib/common-step-conditions.jar 
[2025-11-04 12:16:16,741]  DEBUG - buildServer.agent.LauncherUtil - Deleting /home/kleymkovt/electronic_library/buildAgent/backup/lib/stax2-api.jar 
[2025-11-04 12:16:16,741]  DEBUG - buildServer.agent.LauncherUtil - Deleting /home/kleymkovt/electronic_library/buildAgent/backup/lib/spring-expression.jar 
[2025-11-04 12:16:16,741]  DEBUG - buildServer.agent.LauncherUtil - Deleting /home/kleymkovt/electronic_library/buildAgent/backup/lib/platform-specific.jar 
[2025-11-04 12:16:16,741]  DEBUG - buildServer.agent.LauncherUtil - Deleting /home/kleymkovt/electronic_library/buildAgent/backup/lib/connections-api-common.jar 
[2025-11-04 12:16:16,741]  DEBUG - buildServer.agent.LauncherUtil - Deleting /home/kleymkovt/electronic_library/buildAgent/backup/lib/net.sf.trove4j.trove4j.jar 
[2025-11-04 12:16:16,741]  DEBUG - buildServer.agent.LauncherUtil - Deleting /home/kleymkovt/electronic_library/buildAgent/backup/lib/utils.jar 
[2025-11-04 12:16:16,741]  DEBUG - buildServer.agent.LauncherUtil - Deleting /home/kleymkovt/electronic_library/buildAgent/backup/lib/runtime-util.jar 
[2025-11-04 12:16:16,741]  DEBUG - buildServer.agent.LauncherUtil - Deleting /home/kleymkovt/electronic_library/buildAgent/backup/lib/serviceMessages.jar 
[2025-11-04 12:16:16,741]  DEBUG - buildServer.agent.LauncherUtil - Deleting /home/kleymkovt/electronic_library/buildAgent/backup/lib/spring-core.jar 
[2025-11-04 12:16:16,741]  DEBUG - buildServer.agent.LauncherUtil - Deleting /home/kleymkovt/electronic_library/buildAgent/backup/lib/httpmime.jar 
[2025-11-04 12:16:16,741]  DEBUG - buildServer.agent.LauncherUtil - Deleting /home/kleymkovt/electronic_library/buildAgent/backup/lib/xml-apis.jar 
[2025-11-04 12:16:16,741]  DEBUG - buildServer.agent.LauncherUtil - Deleting /home/kleymkovt/electronic_library/buildAgent/backup/lib/joda-time.jar 
[2025-11-04 12:16:16,741]  DEBUG - buildServer.agent.LauncherUtil - Deleting /home/kleymkovt/electronic_library/buildAgent/backup/lib/patches-low.jar 
[2025-11-04 12:16:16,741]  DEBUG - buildServer.agent.LauncherUtil - Deleting /home/kleymkovt/electronic_library/buildAgent/backup/lib/agent-launcher.jar 
[2025-11-04 12:16:16,741]  DEBUG - buildServer.agent.LauncherUtil - Deleting /home/kleymkovt/electronic_library/buildAgent/backup/lib/spring-aop.jar 
[2025-11-04 12:16:16,741]  DEBUG - buildServer.agent.LauncherUtil - Deleting /home/kleymkovt/electronic_library/buildAgent/backup/lib/spring-context.jar 
[2025-11-04 12:16:16,741]  DEBUG - buildServer.agent.LauncherUtil - Deleting /home/kleymkovt/electronic_library/buildAgent/backup/lib/jackson-datatype-jsr310.jar 
[2025-11-04 12:16:16,741]  DEBUG - buildServer.agent.LauncherUtil - Deleting /home/kleymkovt/electronic_library/buildAgent/backup/lib/common.jar 
[2025-11-04 12:16:16,741]  DEBUG - buildServer.agent.LauncherUtil - Deleting /home/kleymkovt/electronic_library/buildAgent/backup/lib/log4j-api.jar 
[2025-11-04 12:16:16,741]  DEBUG - buildServer.agent.LauncherUtil - Deleting /home/kleymkovt/electronic_library/buildAgent/backup/bin 
[2025-11-04 12:16:16,742]  DEBUG - buildServer.agent.LauncherUtil - Deleting /home/kleymkovt/electronic_library/buildAgent/backup/bin/findJava.bat 
[2025-11-04 12:16:16,742]  DEBUG - buildServer.agent.LauncherUtil - Deleting /home/kleymkovt/electronic_library/buildAgent/backup/bin/changeAgentProps.bat 
[2025-11-04 12:16:16,742]  DEBUG - buildServer.agent.LauncherUtil - Deleting /home/kleymkovt/electronic_library/buildAgent/backup/bin/mac.launchd.sh 
[2025-11-04 12:16:16,742]  DEBUG - buildServer.agent.LauncherUtil - Deleting /home/kleymkovt/electronic_library/buildAgent/backup/bin/service.start.bat 
[2025-11-04 12:16:16,742]  DEBUG - buildServer.agent.LauncherUtil - Deleting /home/kleymkovt/electronic_library/buildAgent/backup/bin/agent.sh 
[2025-11-04 12:16:16,742]  DEBUG - buildServer.agent.LauncherUtil - Deleting /home/kleymkovt/electronic_library/buildAgent/backup/bin/install.sh 
[2025-11-04 12:16:16,742]  DEBUG - buildServer.agent.LauncherUtil - Deleting /home/kleymkovt/electronic_library/buildAgent/backup/bin/uninstall.bat 
[2025-11-04 12:16:16,742]  DEBUG - buildServer.agent.LauncherUtil - Deleting /home/kleymkovt/electronic_library/buildAgent/backup/bin/installJava.bat 
[2025-11-04 12:16:16,742]  DEBUG - buildServer.agent.LauncherUtil - Deleting /home/kleymkovt/electronic_library/buildAgent/backup/bin/service.uninstall.bat 
[2025-11-04 12:16:16,742]  DEBUG - buildServer.agent.LauncherUtil - Deleting /home/kleymkovt/electronic_library/buildAgent/backup/bin/install.bat 
[2025-11-04 12:16:16,742]  DEBUG - buildServer.agent.LauncherUtil - Deleting /home/kleymkovt/electronic_library/buildAgent/backup/bin/generateNewServiceName.bat 
[2025-11-04 12:16:16,742]  DEBUG - buildServer.agent.LauncherUtil - Deleting /home/kleymkovt/electronic_library/buildAgent/backup/bin/service.stop.bat 
[2025-11-04 12:16:16,742]  DEBUG - buildServer.agent.LauncherUtil - Deleting /home/kleymkovt/electronic_library/buildAgent/backup/bin/jetbrains.teamcity.BuildAgent.plist 
[2025-11-04 12:16:16,742]  DEBUG - buildServer.agent.LauncherUtil - Deleting /home/kleymkovt/electronic_library/buildAgent/backup/bin/agent.bat 
[2025-11-04 12:16:16,742]  DEBUG - buildServer.agent.LauncherUtil - Deleting /home/kleymkovt/electronic_library/buildAgent/backup/bin/service.install.bat 
[2025-11-04 12:16:16,742]  DEBUG - buildServer.agent.LauncherUtil - Deleting /home/kleymkovt/electronic_library/buildAgent/backup/bin/jetbrains.teamcity.BuildAgentUpgrade.plist.dist 
[2025-11-04 12:16:16,742]  DEBUG - buildServer.agent.LauncherUtil - Deleting /home/kleymkovt/electronic_library/buildAgent/backup/bin/findJava.sh 
[2025-11-04 12:16:16,742]  DEBUG - buildServer.agent.LauncherUtil - Deleting /home/kleymkovt/electronic_library/buildAgent/backup/BUILD_197398 
[2025-11-04 12:16:16,742]  DEBUG - buildServer.agent.LauncherUtil - Deleting /home/kleymkovt/electronic_library/buildAgent/backup/launcher 
[2025-11-04 12:16:16,742]  DEBUG - buildServer.agent.LauncherUtil - Deleting /home/kleymkovt/electronic_library/buildAgent/backup/launcher/lib 
[2025-11-04 12:16:16,742]  DEBUG - buildServer.agent.LauncherUtil - Deleting /home/kleymkovt/electronic_library/buildAgent/backup/launcher/lib/libwrapper-linux-x86-64.so 
[2025-11-04 12:16:16,742]  DEBUG - buildServer.agent.LauncherUtil - Deleting /home/kleymkovt/electronic_library/buildAgent/backup/launcher/lib/libwrapper-solaris-sparc-32.so 
[2025-11-04 12:16:16,742]  DEBUG - buildServer.agent.LauncherUtil - Deleting /home/kleymkovt/electronic_library/buildAgent/backup/launcher/lib/launcher.jar 
[2025-11-04 12:16:16,742]  DEBUG - buildServer.agent.LauncherUtil - Deleting /home/kleymkovt/electronic_library/buildAgent/backup/launcher/lib/wrapper-windows-x86-64.dll 
[2025-11-04 12:16:16,742]  DEBUG - buildServer.agent.LauncherUtil - Deleting /home/kleymkovt/electronic_library/buildAgent/backup/launcher/lib/annotations.jar 
[2025-11-04 12:16:16,742]  DEBUG - buildServer.agent.LauncherUtil - Deleting /home/kleymkovt/electronic_library/buildAgent/backup/launcher/lib/log4j-core.jar 
[2025-11-04 12:16:16,742]  DEBUG - buildServer.agent.LauncherUtil - Deleting /home/kleymkovt/electronic_library/buildAgent/backup/launcher/lib/log4j-1.2-api.jar 
[2025-11-04 12:16:16,742]  DEBUG - buildServer.agent.LauncherUtil - Deleting /home/kleymkovt/electronic_library/buildAgent/backup/launcher/lib/libwrapper-macosx-universal-32.jnilib 
[2025-11-04 12:16:16,742]  DEBUG - buildServer.agent.LauncherUtil - Deleting /home/kleymkovt/electronic_library/buildAgent/backup/launcher/lib/libwrapper-linux-ppc-64.so 
[2025-11-04 12:16:16,742]  DEBUG - buildServer.agent.LauncherUtil - Deleting /home/kleymkovt/electronic_library/buildAgent/backup/launcher/lib/wrapper.jar 
[2025-11-04 12:16:16,742]  DEBUG - buildServer.agent.LauncherUtil - Deleting /home/kleymkovt/electronic_library/buildAgent/backup/launcher/lib/libwrapper-solaris-x86-32.so 
[2025-11-04 12:16:16,742]  DEBUG - buildServer.agent.LauncherUtil - Deleting /home/kleymkovt/electronic_library/buildAgent/backup/launcher/lib/buildAgent-updates-applying.jar 
[2025-11-04 12:16:16,742]  DEBUG - buildServer.agent.LauncherUtil - Deleting /home/kleymkovt/electronic_library/buildAgent/backup/launcher/lib/libwrapper-macosx-ppc-32.jnilib 
[2025-11-04 12:16:16,742]  DEBUG - buildServer.agent.LauncherUtil - Deleting /home/kleymkovt/electronic_library/buildAgent/backup/launcher/lib/libwrapper-solaris-sparc-64.so 
[2025-11-04 12:16:16,742]  DEBUG - buildServer.agent.LauncherUtil - Deleting /home/kleymkovt/electronic_library/buildAgent/backup/launcher/lib/wrapper-windows-x86-32.dll 
[2025-11-04 12:16:16,742]  DEBUG - buildServer.agent.LauncherUtil - Deleting /home/kleymkovt/electronic_library/buildAgent/backup/launcher/lib/libwrapper-linux-x86-32.so 
[2025-11-04 12:16:16,742]  DEBUG - buildServer.agent.LauncherUtil - Deleting /home/kleymkovt/electronic_library/buildAgent/backup/launcher/lib/agent-launcher.jar 
[2025-11-04 12:16:16,742]  DEBUG - buildServer.agent.LauncherUtil - Deleting /home/kleymkovt/electronic_library/buildAgent/backup/launcher/lib/log4j-api.jar 
[2025-11-04 12:16:16,742]  DEBUG - buildServer.agent.LauncherUtil - Deleting /home/kleymkovt/electronic_library/buildAgent/backup/launcher/conf 
[2025-11-04 12:16:16,742]  DEBUG - buildServer.agent.LauncherUtil - Deleting /home/kleymkovt/electronic_library/buildAgent/backup/launcher/conf/wrapper.conf 
[2025-11-04 12:16:16,742]  DEBUG - buildServer.agent.LauncherUtil - Deleting /home/kleymkovt/electronic_library/buildAgent/backup/launcher/bin 
[2025-11-04 12:16:16,742]  DEBUG - buildServer.agent.LauncherUtil - Deleting /home/kleymkovt/electronic_library/buildAgent/backup/launcher/bin/TeamCityAgentService-macosx-ppc-32 
[2025-11-04 12:16:16,742]  DEBUG - buildServer.agent.LauncherUtil - Deleting /home/kleymkovt/electronic_library/buildAgent/backup/launcher/bin/TeamCityAgentService-linux-x86-64 
[2025-11-04 12:16:16,743]  DEBUG - buildServer.agent.LauncherUtil - Deleting /home/kleymkovt/electronic_library/buildAgent/backup/launcher/bin/TeamCityAgentService-solaris-sparc-64 
[2025-11-04 12:16:16,743]  DEBUG - buildServer.agent.LauncherUtil - Deleting /home/kleymkovt/electronic_library/buildAgent/backup/launcher/bin/TeamCityAgentService-linux-x86-32 
[2025-11-04 12:16:16,743]  DEBUG - buildServer.agent.LauncherUtil - Deleting /home/kleymkovt/electronic_library/buildAgent/backup/launcher/bin/TeamCityAgentService-solaris-x86-32 
[2025-11-04 12:16:16,743]  DEBUG - buildServer.agent.LauncherUtil - Deleting /home/kleymkovt/electronic_library/buildAgent/backup/launcher/bin/TeamCityAgentService-windows-x86-64.exe 
[2025-11-04 12:16:16,743]  DEBUG - buildServer.agent.LauncherUtil - Deleting /home/kleymkovt/electronic_library/buildAgent/backup/launcher/bin/TeamCityAgentService-macosx-universal-32 
[2025-11-04 12:16:16,743]  DEBUG - buildServer.agent.LauncherUtil - Deleting /home/kleymkovt/electronic_library/buildAgent/backup/launcher/bin/TeamCityAgentService-windows-x86-32.exe 
[2025-11-04 12:16:16,743]  DEBUG - buildServer.agent.LauncherUtil - Deleting /home/kleymkovt/electronic_library/buildAgent/backup/launcher/bin/TeamCityAgentService-linux-ppc-64 
[2025-11-04 12:16:16,743]  DEBUG - buildServer.agent.LauncherUtil - Deleting /home/kleymkovt/electronic_library/buildAgent/backup/launcher/bin/TeamCityAgentService-solaris-sparc-32 
[2025-11-04 12:16:16,743]  DEBUG - buildServer.agent.LauncherUtil - Deleting /home/kleymkovt/electronic_library/buildAgent/backup/launcher/JavaServiceWrapperLicense.txt 
[2025-11-04 12:16:16,743]   INFO - ver.agent.upgrade.AgentUpgrade - Finish upgrade at 2025-11-04 12:16:16.743 
[2025-11-04 12:16:16,743]   INFO - r.agent.upgrade.UpgradeRunBase - Run command line (arguments separated with '|'): /bin/sh|./agent.sh|start| (at /home/kleymkovt/electronic_library/buildAgent/bin) 
[2025-11-04 12:16:16,746]   INFO - .agent.run.ProcessOutputLogger - Starting TeamCity build agent... 
[2025-11-04 12:16:16,993]   INFO - .agent.run.ProcessOutputLogger - Java executable is found: '/usr/lib/jvm/java-1.17.0-openjdk-amd64/bin/java' 
[2025-11-04 12:16:17,336]   INFO - .agent.run.ProcessOutputLogger - Starting TeamCity Build Agent Launcher... 
[2025-11-04 12:16:17,336]   INFO - .agent.run.ProcessOutputLogger - Agent home directory is /home/kleymkovt/electronic_library/buildAgent 
[2025-11-04 12:16:17,458]   INFO - .agent.run.ProcessOutputLogger - Done [16146], see log at /home/kleymkovt/electronic_library/buildAgent/logs/teamcity-agent.log 
[2025-11-04 12:16:17,458]   INFO - r.agent.upgrade.UpgradeRunBase - Process exited with code: 0 
